Nickname,Control,Dimension,pval,FDR_significant,FDR_pval
KC-α/βc-GaL4,Empty-Split,PCA1,0.08703816390174204,False,0.41861126064824505
KC-α/βc-GaL4,Empty-Split,PCA2,0.02803897189599885,False,0.29909523587228637
KC-α/βc-GaL4,Empty-Split,PCA3,0.11941623396121763,False,0.4777671922507595
KC-α/βc-GaL4,Empty-Split,PCA4,0.06687042310809137,False,0.3838619480339476
KC-α/βc-GaL4,Empty-Split,PCA5,0.6356188125894519,False,0.8440178884442647
KC-α/βc-GaL4,Empty-Split,PCA6,0.47581569381151456,False,0.745597553886282
72D07-GAL4,Empty-Gal4,PCA1,0.8497694417462264,False,0.9438369427395296
72D07-GAL4,Empty-Gal4,PCA2,0.635555852883819,False,0.8440178884442647
72D07-GAL4,Empty-Gal4,PCA3,0.44917184466717364,False,0.727194797401367
72D07-GAL4,Empty-Gal4,PCA4,0.021581326717530006,False,0.28008808805142205
72D07-GAL4,Empty-Gal4,PCA5,0.2645769544749416,False,0.6085385576304282
72D07-GAL4,Empty-Gal4,PCA6,0.23340131464371994,False,0.582905074708852
KC-γmain-GaL4,Empty-Split,PCA1,0.20471358725442887,False,0.5502554808806273
KC-γmain-GaL4,Empty-Split,PCA2,0.8279266683039695,False,0.9338849416144798
KC-γmain-GaL4,Empty-Split,PCA3,0.3211272423443223,False,0.6398307402983558
KC-γmain-GaL4,Empty-Split,PCA4,0.2841596980745311,False,0.6259901835811627
KC-γmain-GaL4,Empty-Split,PCA5,0.3355540880074428,False,0.6451716281495761
KC-γmain-GaL4,Empty-Split,PCA6,0.2494704051271343,False,0.5994655046959935
LC26,Empty-Split,PCA1,0.4485234917467351,False,0.727194797401367
LC26,Empty-Split,PCA2,0.03173238868820049,False,0.2995236964270357
LC26,Empty-Split,PCA3,0.852412710839004,False,0.9454289774580594
LC26,Empty-Split,PCA4,0.022200543675836962,False,0.28330181114544545
LC26,Empty-Split,PCA5,0.7917843178465842,False,0.9178556793001493
LC26,Empty-Split,PCA6,0.6694403520350454,False,0.865993261462453
20G07-GAL4,Empty-Gal4,PCA1,0.4949123541012791,False,0.7595441526952792
20G07-GAL4,Empty-Gal4,PCA2,0.553539705551249,False,0.7894050411803228
20G07-GAL4,Empty-Gal4,PCA3,0.03187776041463598,False,0.2995236964270357
20G07-GAL4,Empty-Gal4,PCA4,0.4085545014449222,False,0.7059537984446269
20G07-GAL4,Empty-Gal4,PCA5,0.8953184692297984,False,0.9648106969859019
20G07-GAL4,Empty-Gal4,PCA6,0.8478635059928012,False,0.9425968586176953
44H11-GAL4,Empty-Gal4,PCA1,0.24778817632465358,False,0.598905025367685
44H11-GAL4,Empty-Gal4,PCA2,0.08335553210171172,False,0.41630003844929453
44H11-GAL4,Empty-Gal4,PCA3,0.03669200528155224,False,0.3264603976004655
44H11-GAL4,Empty-Gal4,PCA4,0.7289877257206818,False,0.8881748413372388
44H11-GAL4,Empty-Gal4,PCA5,0.005828026531392753,False,0.1533976117941734
44H11-GAL4,Empty-Gal4,PCA6,0.03885646807918949,False,0.33377426537087956
KC-γd-GaL4,Empty-Split,PCA1,0.9040504624914523,False,0.9699375268816995
KC-γd-GaL4,Empty-Split,PCA2,0.32178719819107515,False,0.6398307402983558
KC-γd-GaL4,Empty-Split,PCA3,0.2869957549464004,False,0.6272063819967234
KC-γd-GaL4,Empty-Split,PCA4,0.34722926379624797,False,0.6622871261545049
KC-γd-GaL4,Empty-Split,PCA5,0.8855606039520165,False,0.9621410429695741
KC-γd-GaL4,Empty-Split,PCA6,0.0956686360913526,False,0.4444682937473735
MBON-11-GaL4 (MBON-γ1pedc>α/β),Empty-Split,PCA1,0.1299844270014079,False,0.486056634702053
MBON-11-GaL4 (MBON-γ1pedc>α/β),Empty-Split,PCA2,0.023293400332924662,False,0.2861950642089506
MBON-11-GaL4 (MBON-γ1pedc>α/β),Empty-Split,PCA3,0.22356654637230067,False,0.5747117311272166
MBON-11-GaL4 (MBON-γ1pedc>α/β),Empty-Split,PCA4,0.09830282519165882,False,0.4462873508701165
MBON-11-GaL4 (MBON-γ1pedc>α/β),Empty-Split,PCA5,0.852786439465938,False,0.9454289774580594
MBON-11-GaL4 (MBON-γ1pedc>α/β),Empty-Split,PCA6,0.5824938584717094,False,0.8121036538345541
LPLC2,Empty-Split,PCA1,0.28098790306787796,False,0.6211982194645816
LPLC2,Empty-Split,PCA2,0.4112017629666199,False,0.7084774963667304
LPLC2,Empty-Split,PCA3,0.09921807753250743,False,0.44773265080776575
LPLC2,Empty-Split,PCA4,0.5297786988127282,False,0.7794902545789482
LPLC2,Empty-Split,PCA5,0.8866995677976183,False,0.9621410429695741
LPLC2,Empty-Split,PCA6,0.277751149321794,False,0.6175695945814191
R12B01-gal4 (R4d - distal (EB)),Empty-Gal4,PCA1,0.19138370252399944,False,0.5389437283340928
R12B01-gal4 (R4d - distal (EB)),Empty-Gal4,PCA2,0.7883145816888013,False,0.9178556793001493
R12B01-gal4 (R4d - distal (EB)),Empty-Gal4,PCA3,0.013606592526803648,False,0.2216539308910131
R12B01-gal4 (R4d - distal (EB)),Empty-Gal4,PCA4,0.3361658967294655,False,0.6453088114067231
R12B01-gal4 (R4d - distal (EB)),Empty-Gal4,PCA5,0.20899476604729236,False,0.5545327792454824
R12B01-gal4 (R4d - distal (EB)),Empty-Gal4,PCA6,0.8052715343802164,False,0.9192105277724458
SS02255-GAL4 (P-F2N3 (target FSB)),Empty-Split,PCA1,0.8767007596069479,False,0.9568379405582229
SS02255-GAL4 (P-F2N3 (target FSB)),Empty-Split,PCA2,0.014108625416848406,False,0.2216539308910131
SS02255-GAL4 (P-F2N3 (target FSB)),Empty-Split,PCA3,0.3988821063033311,False,0.7059537984446269
SS02255-GAL4 (P-F2N3 (target FSB)),Empty-Split,PCA4,0.7828321276371638,False,0.9168662836514948
SS02255-GAL4 (P-F2N3 (target FSB)),Empty-Split,PCA5,0.7502752525142217,False,0.8999757748918752
SS02255-GAL4 (P-F2N3 (target FSB)),Empty-Split,PCA6,0.3819052733236298,False,0.6961754142723878
R78A01 (ExR1 (EB)),Empty-Gal4,PCA1,0.15649112617642913,False,0.5050010936612335
R78A01 (ExR1 (EB)),Empty-Gal4,PCA2,0.028113871710908834,False,0.29909523587228637
R78A01 (ExR1 (EB)),Empty-Gal4,PCA3,0.018930290635681035,False,0.2586157266734915
R78A01 (ExR1 (EB)),Empty-Gal4,PCA4,0.0015548984795941791,False,0.08438858111979317
R78A01 (ExR1 (EB)),Empty-Gal4,PCA5,0.05444133976870478,False,0.36570232402824504
R78A01 (ExR1 (EB)),Empty-Gal4,PCA6,0.5538642219593539,False,0.7894050411803228
SS02239-gal4 (P-F3LC patch line),Empty-Split,PCA1,0.7680555981205156,False,0.907978598174154
SS02239-gal4 (P-F3LC patch line),Empty-Split,PCA2,0.04637496249038766,False,0.3570433699431022
SS02239-gal4 (P-F3LC patch line),Empty-Split,PCA3,0.30576212046066337,False,0.6376701609508663
SS02239-gal4 (P-F3LC patch line),Empty-Split,PCA4,0.010203102260989357,False,0.19814785678386307
SS02239-gal4 (P-F3LC patch line),Empty-Split,PCA5,0.3884714504445287,False,0.7013622867972678
SS02239-gal4 (P-F3LC patch line),Empty-Split,PCA6,0.287996019025127,False,0.627494975759127
R59B10-gal4 (R4m - medial (EB)),Empty-Gal4,PCA1,0.4459828225149498,False,0.727194797401367
R59B10-gal4 (R4m - medial (EB)),Empty-Gal4,PCA2,0.07484472016905949,False,0.4031182742235311
R59B10-gal4 (R4m - medial (EB)),Empty-Gal4,PCA3,0.11147010326747173,False,0.46640703667251604
R59B10-gal4 (R4m - medial (EB)),Empty-Gal4,PCA4,0.006252245131247537,False,0.1533976117941734
R59B10-gal4 (R4m - medial (EB)),Empty-Gal4,PCA5,5.6980241618075516e-05,True,0.017008602122995542
R59B10-gal4 (R4m - medial (EB)),Empty-Gal4,PCA6,0.3234389824737358,False,0.6398307402983558
SS00078-gal4 (PBG2‐9.s‐FBℓ3.b‐NO2D.b (PB)),Empty-Split,PCA1,0.30576415978297256,False,0.6376701609508663
SS00078-gal4 (PBG2‐9.s‐FBℓ3.b‐NO2D.b (PB)),Empty-Split,PCA2,0.14622681060308979,False,0.4953553818816829
SS00078-gal4 (PBG2‐9.s‐FBℓ3.b‐NO2D.b (PB)),Empty-Split,PCA3,0.004487834415809161,False,0.1306944949384424
SS00078-gal4 (PBG2‐9.s‐FBℓ3.b‐NO2D.b (PB)),Empty-Split,PCA4,0.004273588834913864,False,0.1306944949384424
SS00078-gal4 (PBG2‐9.s‐FBℓ3.b‐NO2D.b (PB)),Empty-Split,PCA5,0.17811193545003362,False,0.5269321529792204
SS00078-gal4 (PBG2‐9.s‐FBℓ3.b‐NO2D.b (PB)),Empty-Split,PCA6,0.2712914604288101,False,0.6103012377896372
R19G02 (E-PG),Empty-Split,PCA1,0.1304330365818483,False,0.486056634702053
R19G02 (E-PG),Empty-Split,PCA2,0.11520582018188494,False,0.4690999920589337
R19G02 (E-PG),Empty-Split,PCA3,0.3918658803987015,False,0.7025846306553051
R19G02 (E-PG),Empty-Split,PCA4,0.6041258403778083,False,0.8243728610412606
R19G02 (E-PG),Empty-Split,PCA5,0.6118704169905937,False,0.8292545719486595
R19G02 (E-PG),Empty-Split,PCA6,0.070697421618908,False,0.3907996361711859
R80C07-gal4 (ER3d (EB)),Empty-Gal4,PCA1,0.9518475800334171,False,0.9908509246380994
R80C07-gal4 (ER3d (EB)),Empty-Gal4,PCA2,0.059509942866891444,False,0.3710889185977008
R80C07-gal4 (ER3d (EB)),Empty-Gal4,PCA3,0.010289084690619356,False,0.19814785678386307
R80C07-gal4 (ER3d (EB)),Empty-Gal4,PCA4,0.23587315439479647,False,0.5842998886875249
R80C07-gal4 (ER3d (EB)),Empty-Gal4,PCA5,0.002755974486910442,False,0.117522626334681
R80C07-gal4 (ER3d (EB)),Empty-Gal4,PCA6,0.0005992979855694854,False,0.060232337781284485
51987 (Dh44-GAL4 2M),Empty-Gal4,PCA1,0.3557576359430098,False,0.6744704509330376
51987 (Dh44-GAL4 2M),Empty-Gal4,PCA2,0.5677831906638366,False,0.7985078087781166
51987 (Dh44-GAL4 2M),Empty-Gal4,PCA3,0.054648999995810986,False,0.36570232402824504
51987 (Dh44-GAL4 2M),Empty-Gal4,PCA4,0.030225059515164437,False,0.29909523587228637
51987 (Dh44-GAL4 2M),Empty-Gal4,PCA5,0.06859434660637405,False,0.38618516416696075
51987 (Dh44-GAL4 2M),Empty-Gal4,PCA6,0.6684818448635131,False,0.8656912394436386
51981 (Dsk-GAL4 3M),Empty-Gal4,PCA1,0.38173547347811687,False,0.6961754142723878
51981 (Dsk-GAL4 3M),Empty-Gal4,PCA2,0.10387909695289968,False,0.45267022540789126
51981 (Dsk-GAL4 3M),Empty-Gal4,PCA3,0.00919250898500267,False,0.1860314530185286
51981 (Dsk-GAL4 3M),Empty-Gal4,PCA4,0.7247034117389338,False,0.8867507634347875
51981 (Dsk-GAL4 3M),Empty-Gal4,PCA5,0.28538897445122924,False,0.6263868299536172
51981 (Dsk-GAL4 3M),Empty-Gal4,PCA6,0.4491503966057282,False,0.727194797401367
51988 (Dh31-GAL4 2M),Empty-Gal4,PCA1,0.22151252198420787,False,0.5736061876896832
51988 (Dh31-GAL4 2M),Empty-Gal4,PCA2,0.6174523028997259,False,0.8330373442511555
51988 (Dh31-GAL4 2M),Empty-Gal4,PCA3,0.006624578285287206,False,0.15509306809084167
51988 (Dh31-GAL4 2M),Empty-Gal4,PCA4,0.0055716677002547255,False,0.15119480077509415
51988 (Dh31-GAL4 2M),Empty-Gal4,PCA5,0.0590355184457424,False,0.3710889185977008
51988 (Dh31-GAL4 2M),Empty-Gal4,PCA6,0.19993155435763665,False,0.5483975621746067
51983 (Mip-GAL4 1M),Empty-Gal4,PCA1,0.9337576848625674,False,0.9831628533738144
51983 (Mip-GAL4 1M),Empty-Gal4,PCA2,0.02831244350424168,False,0.29909523587228637
51983 (Mip-GAL4 1M),Empty-Gal4,PCA3,0.31676975054088163,False,0.6398307402983558
51983 (Mip-GAL4 1M),Empty-Gal4,PCA4,0.1674658263243909,False,0.5193615496917473
51983 (Mip-GAL4 1M),Empty-Gal4,PCA5,0.7255908675676611,False,0.8867507634347875
51983 (Mip-GAL4 1M),Empty-Gal4,PCA6,0.22621208723204483,False,0.5776387208645375
51986 (Ms-GAL4 6Ma),Empty-Gal4,PCA1,0.229058334410855,False,0.5794399391664424
51986 (Ms-GAL4 6Ma),Empty-Gal4,PCA2,0.6798163071671659,False,0.8743467235158252
51986 (Ms-GAL4 6Ma),Empty-Gal4,PCA3,0.14966223203288254,False,0.4953553818816829
51986 (Ms-GAL4 6Ma),Empty-Gal4,PCA4,0.06522299259076066,False,0.38100120602801113
51986 (Ms-GAL4 6Ma),Empty-Gal4,PCA5,0.32443222142310046,False,0.6398307402983558
51986 (Ms-GAL4 6Ma),Empty-Gal4,PCA6,0.24889247731525915,False,0.5994655046959935
51984 (Mip-GAL4 2M),Empty-Gal4,PCA1,0.26156031134376384,False,0.6070065715639349
51984 (Mip-GAL4 2M),Empty-Gal4,PCA2,0.3625078527621699,False,0.6798169937732242
51984 (Mip-GAL4 2M),Empty-Gal4,PCA3,0.15914436137314655,False,0.5080705012821845
51984 (Mip-GAL4 2M),Empty-Gal4,PCA4,0.004009404325891071,False,0.1306944949384424
51984 (Mip-GAL4 2M),Empty-Gal4,PCA5,0.004460020250778952,False,0.1306944949384424
51984 (Mip-GAL4 2M),Empty-Gal4,PCA6,0.8593346930839831,False,0.9485468719584746
51985 (Ms-GAL4 1M),Empty-Gal4,PCA1,0.1501950132086678,False,0.4953946015777606
51985 (Ms-GAL4 1M),Empty-Gal4,PCA2,0.7176897619000782,False,0.88433599144344
51985 (Ms-GAL4 1M),Empty-Gal4,PCA3,0.05594323302769452,False,0.36903989080147653
51985 (Ms-GAL4 1M),Empty-Gal4,PCA4,0.027639733145204855,False,0.29909523587228637
51985 (Ms-GAL4 1M),Empty-Gal4,PCA5,0.566236369367713,False,0.7972714917748224
51985 (Ms-GAL4 1M),Empty-Gal4,PCA6,0.9180778524431666,False,0.9776733016623894
MBON-13-GaL4 (MBON-α′2),Empty-Split,PCA1,0.06860698493919826,False,0.38618516416696075
MBON-13-GaL4 (MBON-α′2),Empty-Split,PCA2,0.043986787507134126,False,0.3527072212068015
MBON-13-GaL4 (MBON-α′2),Empty-Split,PCA3,0.7087939928158826,False,0.8815625285647539
MBON-13-GaL4 (MBON-α′2),Empty-Split,PCA4,0.8867884229269404,False,0.9621410429695741
MBON-13-GaL4 (MBON-α′2),Empty-Split,PCA5,0.1578445668911627,False,0.5075006551149985
MBON-13-GaL4 (MBON-α′2),Empty-Split,PCA6,0.4189132623029619,False,0.7155685768093512
MBON-14-GaL4 (MBON-α3),Empty-Split,PCA1,0.40609752468906957,False,0.7059537984446269
MBON-14-GaL4 (MBON-α3),Empty-Split,PCA2,0.0038750624393003356,False,0.1306944949384424
MBON-14-GaL4 (MBON-α3),Empty-Split,PCA3,0.39003731862092617,False,0.7013622867972678
MBON-14-GaL4 (MBON-α3),Empty-Split,PCA4,0.05513100362234849,False,0.36570232402824504
MBON-14-GaL4 (MBON-α3),Empty-Split,PCA5,0.2606213573158655,False,0.6070065715639349
MBON-14-GaL4 (MBON-α3),Empty-Split,PCA6,0.08774638280382502,False,0.41861126064824505
MBON-16-GaL4   MBON-17-Gal4 ,Empty-Split,PCA1,0.26181606729935214,False,0.6070065715639349
MBON-16-GaL4   MBON-17-Gal4 ,Empty-Split,PCA2,0.14118689562637013,False,0.49436115360083854
MBON-16-GaL4   MBON-17-Gal4 ,Empty-Split,PCA3,0.6503850223006579,False,0.8514909173541508
MBON-16-GaL4   MBON-17-Gal4 ,Empty-Split,PCA4,0.2380744387208232,False,0.5861049068714699
MBON-16-GaL4   MBON-17-Gal4 ,Empty-Split,PCA5,0.0654147799294324,False,0.38100120602801113
MBON-16-GaL4   MBON-17-Gal4 ,Empty-Split,PCA6,0.3243211281719617,False,0.6398307402983558
MBON-01-GaL4 (MBON-γ5β′2a),Empty-Split,PCA1,0.14795572399498202,False,0.4953553818816829
MBON-01-GaL4 (MBON-γ5β′2a),Empty-Split,PCA2,0.4465779684441459,False,0.727194797401367
MBON-01-GaL4 (MBON-γ5β′2a),Empty-Split,PCA3,0.2495262611674278,False,0.5994655046959935
MBON-01-GaL4 (MBON-γ5β′2a),Empty-Split,PCA4,0.717402886554672,False,0.88433599144344
MBON-01-GaL4 (MBON-γ5β′2a),Empty-Split,PCA5,0.5031733989628859,False,0.7643626442260634
MBON-01-GaL4 (MBON-γ5β′2a),Empty-Split,PCA6,0.6406272154144499,False,0.8470751884882095
MBON-12-GaL4 (MBON-γ2α′1),Empty-Split,PCA1,0.9488773085063192,False,0.9907198949237069
MBON-12-GaL4 (MBON-γ2α′1),Empty-Split,PCA2,0.04470284761151863,False,0.3540935082411761
MBON-12-GaL4 (MBON-γ2α′1),Empty-Split,PCA3,0.23034068592407927,False,0.579502331792228
MBON-12-GaL4 (MBON-γ2α′1),Empty-Split,PCA4,0.8675579017778651,False,0.9518430688797344
MBON-12-GaL4 (MBON-γ2α′1),Empty-Split,PCA5,0.14714779590603771,False,0.4953553818816829
MBON-12-GaL4 (MBON-γ2α′1),Empty-Split,PCA6,0.2698662939595309,False,0.6091122022451415
MBON-10-GaL4 (MBON-β′1),Empty-Split,PCA1,0.5605200091409213,False,0.7939037851889205
MBON-10-GaL4 (MBON-β′1),Empty-Split,PCA2,0.02954500199493904,False,0.29909523587228637
MBON-10-GaL4 (MBON-β′1),Empty-Split,PCA3,0.9563687598668074,False,0.9929602602443199
MBON-10-GaL4 (MBON-β′1),Empty-Split,PCA4,0.5781580133458563,False,0.8083380186591947
MBON-10-GaL4 (MBON-β′1),Empty-Split,PCA5,0.4152376814018852,False,0.711325382487591
MBON-10-GaL4 (MBON-β′1),Empty-Split,PCA6,0.40813010535478567,False,0.7059537984446269
MBON-03-GaL4 (MBON-β′2mp),Empty-Split,PCA1,0.33546683866835725,False,0.6451716281495761
MBON-03-GaL4 (MBON-β′2mp),Empty-Split,PCA2,0.18716438785930214,False,0.5333515014415435
MBON-03-GaL4 (MBON-β′2mp),Empty-Split,PCA3,0.599933811259327,False,0.8224121362154265
MBON-03-GaL4 (MBON-β′2mp),Empty-Split,PCA4,0.8826814443815825,False,0.9607307607945392
MBON-03-GaL4 (MBON-β′2mp),Empty-Split,PCA5,0.37630874285765015,False,0.6921199043473734
MBON-03-GaL4 (MBON-β′2mp),Empty-Split,PCA6,0.6818440727991486,False,0.8751283504234293
MBON-04-GaL4 (MBON-β′2mp_bilateral),Empty-Split,PCA1,0.24073512822602522,False,0.5902212384022055
MBON-04-GaL4 (MBON-β′2mp_bilateral),Empty-Split,PCA2,0.5419041144748511,False,0.7861889583025179
MBON-04-GaL4 (MBON-β′2mp_bilateral),Empty-Split,PCA3,0.8031979343434696,False,0.9185999364043129
MBON-04-GaL4 (MBON-β′2mp_bilateral),Empty-Split,PCA4,0.6941514022935198,False,0.8763359483439065
MBON-04-GaL4 (MBON-β′2mp_bilateral),Empty-Split,PCA5,0.3175945185424959,False,0.6398307402983558
MBON-04-GaL4 (MBON-β′2mp_bilateral),Empty-Split,PCA6,0.5473551241272497,False,0.7883498410228422
MB013B (SIFamide),Empty-Split,PCA1,0.7116676255864478,False,0.8829195872029256
MB013B (SIFamide),Empty-Split,PCA2,0.045848784603853734,False,0.3570433699431022
MB013B (SIFamide),Empty-Split,PCA3,0.5544135407862741,False,0.7894050411803228
MB013B (SIFamide),Empty-Split,PCA4,0.011158433489258466,False,0.20812596951264642
MB013B (SIFamide),Empty-Split,PCA5,0.9492324621379571,False,0.9907198949237069
MB013B (SIFamide),Empty-Split,PCA6,0.28733826712915217,False,0.6272063819967234
R15B07-gal4 (R1/R3/R4d (EB)),Empty-Gal4,PCA1,0.367674858178049,False,0.6827430492450863
R15B07-gal4 (R1/R3/R4d (EB)),Empty-Gal4,PCA2,0.0042578723487371895,False,0.1306944949384424
R15B07-gal4 (R1/R3/R4d (EB)),Empty-Gal4,PCA3,0.05867395731430898,False,0.3710889185977008
R15B07-gal4 (R1/R3/R4d (EB)),Empty-Gal4,PCA4,0.06104519920162454,False,0.373784450496101
R15B07-gal4 (R1/R3/R4d (EB)),Empty-Gal4,PCA5,0.7250788873127345,False,0.8867507634347875
R15B07-gal4 (R1/R3/R4d (EB)),Empty-Gal4,PCA6,0.20882694654537454,False,0.5545327792454824
MB025B (PAM-13-14),Empty-Split,PCA1,0.5828918185395418,False,0.8121036538345541
MB025B (PAM-13-14),Empty-Split,PCA2,0.012375999862142292,False,0.20812596951264642
MB025B (PAM-13-14),Empty-Split,PCA3,0.16512385054646195,False,0.517407365329391
MB025B (PAM-13-14),Empty-Split,PCA4,0.012280268521471856,False,0.20812596951264642
MB025B (PAM-13-14),Empty-Split,PCA5,0.9929089884465105,False,0.9976236063166368
MB025B (PAM-13-14),Empty-Split,PCA6,0.9145271441683492,False,0.9766953579043014
R31A12-Gal4 (ER1 (EB)),Empty-Gal4,PCA1,0.5253469389996563,False,0.7794902545789482
R31A12-Gal4 (ER1 (EB)),Empty-Gal4,PCA2,0.6578104342519114,False,0.8593419554353715
R31A12-Gal4 (ER1 (EB)),Empty-Gal4,PCA3,0.038611751499075704,False,0.33377426537087956
R31A12-Gal4 (ER1 (EB)),Empty-Gal4,PCA4,0.9840436192627486,False,0.9976236063166368
R31A12-Gal4 (ER1 (EB)),Empty-Gal4,PCA5,0.7054212608953598,False,0.8815625285647539
R31A12-Gal4 (ER1 (EB)),Empty-Gal4,PCA6,0.32371983620941847,False,0.6398307402983558
R14G09 (ExR4 (EB)),Empty-Gal4,PCA1,0.04795181071255355,False,0.3570433699431022
R14G09 (ExR4 (EB)),Empty-Gal4,PCA2,0.05864685302015764,False,0.3710889185977008
R14G09 (ExR4 (EB)),Empty-Gal4,PCA3,0.9972663597284704,False,0.9976236063166368
R14G09 (ExR4 (EB)),Empty-Gal4,PCA4,0.02453379124371051,False,0.2871896739704936
R14G09 (ExR4 (EB)),Empty-Gal4,PCA5,0.688533241822515,False,0.8763359483439065
R14G09 (ExR4 (EB)),Empty-Gal4,PCA6,0.9829021594098908,False,0.9976236063166368
MB022B (OA-VPM3),Empty-Split,PCA1,0.73193322110723,False,0.8883908116934272
MB022B (OA-VPM3),Empty-Split,PCA2,0.1743700701913285,False,0.5237168796308589
MB022B (OA-VPM3),Empty-Split,PCA3,0.6588934514316829,False,0.8598019464583927
MB022B (OA-VPM3),Empty-Split,PCA4,0.08072999450836996,False,0.41630003844929453
MB022B (OA-VPM3),Empty-Split,PCA5,0.7399053203583575,False,0.892465204409537
MB022B (OA-VPM3),Empty-Split,PCA6,0.9557428935219576,False,0.9929602602443199
R28E01-gal4 (ER3m (EB)),Empty-Gal4,PCA1,0.3654335772798256,False,0.6817620176126747
R28E01-gal4 (ER3m (EB)),Empty-Gal4,PCA2,0.2695687097051659,False,0.6091122022451415
R28E01-gal4 (ER3m (EB)),Empty-Gal4,PCA3,0.01717053660582785,False,0.2440669131828387
R28E01-gal4 (ER3m (EB)),Empty-Gal4,PCA4,0.2110951247276279,False,0.5588307381309594
R28E01-gal4 (ER3m (EB)),Empty-Gal4,PCA5,0.2999731196665743,False,0.632805485657049
R28E01-gal4 (ER3m (EB)),Empty-Gal4,PCA6,0.8791591166639774,False,0.9577700595773622
MB058B (PPL1-05),Empty-Split,PCA1,0.26395049965046136,False,0.6084109972638048
MB058B (PPL1-05),Empty-Split,PCA2,0.47627175168660174,False,0.745597553886282
MB058B (PPL1-05),Empty-Split,PCA3,0.4992476302543676,False,0.7613048154836716
MB058B (PPL1-05),Empty-Split,PCA4,0.6752407040965469,False,0.8706667394074267
MB058B (PPL1-05),Empty-Split,PCA5,0.8017383741003579,False,0.9178556793001493
MB058B (PPL1-05),Empty-Split,PCA6,0.8569685391218775,False,0.9481480449170707
MB043B (PAM-11),Empty-Split,PCA1,0.7942785850806556,False,0.9178556793001493
MB043B (PAM-11),Empty-Split,PCA2,0.03877020103344957,False,0.33377426537087956
MB043B (PAM-11),Empty-Split,PCA3,0.175077631461185,False,0.5237168796308589
MB043B (PAM-11),Empty-Split,PCA4,0.24664446239313895,False,0.59785412288018
MB043B (PAM-11),Empty-Split,PCA5,0.6942739746506272,False,0.8763359483439065
MB043B (PAM-11),Empty-Split,PCA6,0.17136220565860544,False,0.5237168796308589
MB304B (PPL1-04),Empty-Split,PCA1,0.8017784535260098,False,0.9178556793001493
MB304B (PPL1-04),Empty-Split,PCA2,0.2333916470688596,False,0.582905074708852
MB304B (PPL1-04),Empty-Split,PCA3,0.22242853006727245,False,0.5736061876896832
MB304B (PPL1-04),Empty-Split,PCA4,0.7460472368644729,False,0.8979641137259886
MB304B (PPL1-04),Empty-Split,PCA5,0.7672928496627733,False,0.907978598174154
MB304B (PPL1-04),Empty-Split,PCA6,0.24164969920011917,False,0.5912494689445539
MB296B (PPL1-03),Empty-Split,PCA1,0.1908001557993429,False,0.5386391038956246
MB296B (PPL1-03),Empty-Split,PCA2,0.10737955761719964,False,0.45953832184565
MB296B (PPL1-03),Empty-Split,PCA3,0.4219052800999761,False,0.7175995789734636
MB296B (PPL1-03),Empty-Split,PCA4,0.407957574513259,False,0.7059537984446269
MB296B (PPL1-03),Empty-Split,PCA5,0.9285118448423044,False,0.9811001263200986
MB296B (PPL1-03),Empty-Split,PCA6,0.22689494144511563,False,0.5776387208645375
MB312B (PAM-07),Empty-Split,PCA1,0.9970295288848615,False,0.9976236063166368
MB312B (PAM-07),Empty-Split,PCA2,0.07659767623913814,False,0.4082929706675489
MB312B (PAM-07),Empty-Split,PCA3,0.4120499892991426,False,0.7089159758259024
MB312B (PAM-07),Empty-Split,PCA4,0.006300706432008613,False,0.1533976117941734
MB312B (PAM-07),Empty-Split,PCA5,0.12594585242342132,False,0.4850946703018228
MB312B (PAM-07),Empty-Split,PCA6,0.8421012036087845,False,0.9385153735613007
MB056B (PAM-05),Empty-Split,PCA1,0.5437657841740635,False,0.787932459106592
MB056B (PAM-05),Empty-Split,PCA2,0.3188159061229829,False,0.6398307402983558
MB056B (PAM-05),Empty-Split,PCA3,0.4961799199478235,False,0.7605119697274727
MB056B (PAM-05),Empty-Split,PCA4,0.7544861389402497,False,0.9003523518586344
MB056B (PAM-05),Empty-Split,PCA5,0.9900849870432302,False,0.9976236063166368
MB056B (PAM-05),Empty-Split,PCA6,0.9545297295367512,False,0.9927774364694085
MB315C (PAM-01),Empty-Split,PCA1,0.38497148867494935,False,0.6996285501946569
MB315C (PAM-01),Empty-Split,PCA2,0.034841869641050995,False,0.31756635382759457
MB315C (PAM-01),Empty-Split,PCA3,0.5979757134431702,False,0.8206912130831779
MB315C (PAM-01),Empty-Split,PCA4,0.026799464663201992,False,0.29909523587228637
MB315C (PAM-01),Empty-Split,PCA5,0.2599955983006149,False,0.6070065715639349
MB315C (PAM-01),Empty-Split,PCA6,0.8700372969963224,False,0.9527340050775908
MB504B (All PPL1),Empty-Split,PCA1,0.22757476872319504,False,0.5781367528840317
MB504B (All PPL1),Empty-Split,PCA2,0.02370029697709004,False,0.2861950642089506
MB504B (All PPL1),Empty-Split,PCA3,0.3273985193944927,False,0.6416204771767291
MB504B (All PPL1),Empty-Split,PCA4,0.006423685586020663,False,0.1533976117941734
MB504B (All PPL1),Empty-Split,PCA5,0.3234466798048725,False,0.6398307402983558
MB504B (All PPL1),Empty-Split,PCA6,0.3089276888206598,False,0.6398307402983558
MB465C (MB-CSD),Empty-Split,PCA1,0.08543898499360487,False,0.4180907708293616
MB465C (MB-CSD),Empty-Split,PCA2,0.029365234195644005,False,0.29909523587228637
MB465C (MB-CSD),Empty-Split,PCA3,0.9658785106232758,False,0.9930964162549378
MB465C (MB-CSD),Empty-Split,PCA4,0.22150858805473805,False,0.5736061876896832
MB465C (MB-CSD),Empty-Split,PCA5,0.06661890658901222,False,0.3838619480339476
MB465C (MB-CSD),Empty-Split,PCA6,0.45099073118341393,False,0.727477114355472
MB380B (MB-C1),Empty-Split,PCA1,0.42518077884551764,False,0.7198232928575408
MB380B (MB-C1),Empty-Split,PCA2,0.7129045843176862,False,0.8829959270490844
MB380B (MB-C1),Empty-Split,PCA3,0.40744988707206053,False,0.7059537984446269
MB380B (MB-C1),Empty-Split,PCA4,0.5028323120743425,False,0.7643626442260634
MB380B (MB-C1),Empty-Split,PCA5,0.6295392184142115,False,0.8398545550687916
MB380B (MB-C1),Empty-Split,PCA6,0.35784611549674616,False,0.6754220714646196
SS54295-gal4 (PBG2‐9.s‐EBt.b‐NO1.b (PB)),Empty-Split,PCA1,0.805095579777519,False,0.9192105277724458
SS54295-gal4 (PBG2‐9.s‐EBt.b‐NO1.b (PB)),Empty-Split,PCA2,0.510682789069792,False,0.7663809208152171
SS54295-gal4 (PBG2‐9.s‐EBt.b‐NO1.b (PB)),Empty-Split,PCA3,0.6943164213847031,False,0.8763359483439065
SS54295-gal4 (PBG2‐9.s‐EBt.b‐NO1.b (PB)),Empty-Split,PCA4,0.06764548096572338,False,0.38461287749082723
SS54295-gal4 (PBG2‐9.s‐EBt.b‐NO1.b (PB)),Empty-Split,PCA5,0.6292319530429563,False,0.8398545550687916
SS54295-gal4 (PBG2‐9.s‐EBt.b‐NO1.b (PB)),Empty-Split,PCA6,0.5921244810080728,False,0.819231321348365
MB063B (PAM-10),Empty-Split,PCA1,0.2955226452405264,False,0.6297967021099575
MB063B (PAM-10),Empty-Split,PCA2,0.995475261867997,False,0.9976236063166368
MB063B (PAM-10),Empty-Split,PCA3,0.1942951345682727,False,0.54076547942778
MB063B (PAM-10),Empty-Split,PCA4,0.0474020714209683,False,0.3570433699431022
MB063B (PAM-10),Empty-Split,PCA5,0.6079006539959168,False,0.8257687842084988
MB063B (PAM-10),Empty-Split,PCA6,0.36268293553898145,False,0.6798169937732242
41744 (IR8a mutant),TNTxPR,PCA1,0.1352889945351956,False,0.4909880227204363
41744 (IR8a mutant),TNTxPR,PCA2,0.4783019145278673,False,0.74662382805563
41744 (IR8a mutant),TNTxPR,PCA3,0.08722016917900528,False,0.41861126064824505
41744 (IR8a mutant),TNTxPR,PCA4,0.5156363485175621,False,0.7698664467114599
41744 (IR8a mutant),TNTxPR,PCA5,0.28028810823508593,False,0.6208979614706728
41744 (IR8a mutant),TNTxPR,PCA6,0.10087109134613818,False,0.44773265080776575
51306 (OR47b mutant),TNTxPR,PCA1,0.37950283809680885,False,0.6949791237539721
51306 (OR47b mutant),TNTxPR,PCA2,0.43993672917307325,False,0.727194797401367
51306 (OR47b mutant),TNTxPR,PCA3,0.8221490773662037,False,0.9295890136129235
51306 (OR47b mutant),TNTxPR,PCA4,0.6478487670397397,False,0.8509696675967537
51306 (OR47b mutant),TNTxPR,PCA5,0.1306061903780392,False,0.486056634702053
51306 (OR47b mutant),TNTxPR,PCA6,0.8785504539770699,False,0.9577700595773622
c316 (MB-DPM),Empty-Gal4,PCA1,0.7747218164936942,False,0.9125139761409194
c316 (MB-DPM),Empty-Gal4,PCA2,0.7073601006816448,False,0.8815625285647539
c316 (MB-DPM),Empty-Gal4,PCA3,0.20688359635454076,False,0.5526152439537397
c316 (MB-DPM),Empty-Gal4,PCA4,0.001760451738523222,False,0.09139040764333597
c316 (MB-DPM),Empty-Gal4,PCA5,2.720661247208698e-05,True,0.016994683560155783
c316 (MB-DPM),Empty-Gal4,PCA6,2.8466806633426772e-05,True,0.016994683560155783
86666 (LH1139),Empty-Split,PCA1,0.14866334734198328,False,0.4953553818816829
86666 (LH1139),Empty-Split,PCA2,0.025182434745256624,False,0.29116259957413715
86666 (LH1139),Empty-Split,PCA3,0.4514744905673407,False,0.727477114355472
86666 (LH1139),Empty-Split,PCA4,0.10646075306580707,False,0.4588958092439482
86666 (LH1139),Empty-Split,PCA5,0.048806707994412585,False,0.3570433699431022
86666 (LH1139),Empty-Split,PCA6,0.054244853415216364,False,0.36570232402824504
86670 (LH1594),Empty-Split,PCA1,0.09649793383308419,False,0.44565236513774564
86670 (LH1594),Empty-Split,PCA2,0.19374712098891128,False,0.54076547942778
86670 (LH1594),Empty-Split,PCA3,0.4644924629592211,False,0.7355490726436471
86670 (LH1594),Empty-Split,PCA4,0.5979910849098533,False,0.8206912130831779
86670 (LH1594),Empty-Split,PCA5,0.4395652467480555,False,0.727194797401367
86670 (LH1594),Empty-Split,PCA6,0.7098368271188065,False,0.8819408653276326
86674 (LH247),Empty-Split,PCA1,0.20507090005695774,False,0.5502554808806273
86674 (LH247),Empty-Split,PCA2,0.3247382149252962,False,0.6398307402983558
86674 (LH247),Empty-Split,PCA3,0.7061657699450938,False,0.8815625285647539
86674 (LH247),Empty-Split,PCA4,0.5753974998308543,False,0.8054215882743728
86674 (LH247),Empty-Split,PCA5,0.23053903484196675,False,0.579502331792228
86674 (LH247),Empty-Split,PCA6,0.775412610248895,False,0.9125139761409194
86667 (LH1000),Empty-Split,PCA1,0.17368174671276712,False,0.5237168796308589
86667 (LH1000),Empty-Split,PCA2,0.1344953648695984,False,0.4909880227204363
86667 (LH1000),Empty-Split,PCA3,0.7691549966834568,False,0.9083788981602843
86667 (LH1000),Empty-Split,PCA4,0.9960966018528152,False,0.9976236063166368
86667 (LH1000),Empty-Split,PCA5,0.8285684963398202,False,0.9338849416144798
86667 (LH1000),Empty-Split,PCA6,0.7086110181410326,False,0.8815625285647539
86671 (LH412),Empty-Split,PCA1,0.08588569055506731,False,0.418561283766328
86671 (LH412),Empty-Split,PCA2,0.0005564747636874275,False,0.060232337781284485
86671 (LH412),Empty-Split,PCA3,0.05805290575766106,False,0.3710889185977008
86671 (LH412),Empty-Split,PCA4,0.00030648618950937257,False,0.060232337781284485
86671 (LH412),Empty-Split,PCA5,0.04672940920743652,False,0.3570433699431022
86671 (LH412),Empty-Split,PCA6,0.3109924664128842,False,0.6398307402983558
86675 (LH542),Empty-Split,PCA1,0.5960451301998088,False,0.8206912130831779
86675 (LH542),Empty-Split,PCA2,0.1787194825642084,False,0.5269321529792204
86675 (LH542),Empty-Split,PCA3,0.7703283948636706,False,0.9088657148885599
86675 (LH542),Empty-Split,PCA4,0.04551026000880781,False,0.3570433699431022
86675 (LH542),Empty-Split,PCA5,0.12101055392295126,False,0.4810768045474188
86675 (LH542),Empty-Split,PCA6,0.8897691911605694,False,0.9630804977130452
86669 (LH567),Empty-Split,PCA1,0.169250079764092,False,0.5208365856657883
86669 (LH567),Empty-Split,PCA2,0.1739973628665439,False,0.5237168796308589
86669 (LH567),Empty-Split,PCA3,0.06607114193901786,False,0.3829560362873171
86669 (LH567),Empty-Split,PCA4,0.29219019808572677,False,0.6297967021099575
86669 (LH567),Empty-Split,PCA5,0.696679015365202,False,0.8765381921454702
86669 (LH567),Empty-Split,PCA6,0.31595344386819574,False,0.6398307402983558
86661 (LH1554),Empty-Split,PCA1,0.9076332311198525,False,0.970286334769037
86661 (LH1554),Empty-Split,PCA2,0.14939649520121376,False,0.4953553818816829
86661 (LH1554),Empty-Split,PCA3,0.6219083642421935,False,0.8352740010181992
86661 (LH1554),Empty-Split,PCA4,0.9077134304330103,False,0.970286334769037
86661 (LH1554),Empty-Split,PCA5,0.7249957374758932,False,0.8867507634347875
86661 (LH1554),Empty-Split,PCA6,0.7832526041243926,False,0.9168662836514948
VT43924 (MB-APL),Empty-Gal4,PCA1,0.001524786673105455,False,0.08438858111979317
VT43924 (MB-APL),Empty-Gal4,PCA2,0.19322774904291704,False,0.54076547942778
VT43924 (MB-APL),Empty-Gal4,PCA3,0.09712220608455015,False,0.44565236513774564
VT43924 (MB-APL),Empty-Gal4,PCA4,0.7304196970700371,False,0.8883908116934272
VT43924 (MB-APL),Empty-Gal4,PCA5,0.0006557959724930472,False,0.060232337781284485
VT43924 (MB-APL),Empty-Gal4,PCA6,0.6881449867436378,False,0.8763359483439065
GMR86D09-GAL4,Empty-Gal4,PCA1,0.2896211681563262,False,0.6297967021099575
GMR86D09-GAL4,Empty-Gal4,PCA2,0.8669296340298971,False,0.9518430688797344
GMR86D09-GAL4,Empty-Gal4,PCA3,0.7392074394465573,False,0.892465204409537
GMR86D09-GAL4,Empty-Gal4,PCA4,0.03628724662633211,False,0.32576671031459054
GMR86D09-GAL4,Empty-Gal4,PCA5,0.048391500923441126,False,0.3570433699431022
GMR86D09-GAL4,Empty-Gal4,PCA6,0.4605213268583844,False,0.7302290362136932
LC10-2,Empty-Split,PCA1,0.050517861089662296,False,0.3580713708623531
LC10-2,Empty-Split,PCA2,0.00983894203110209,False,0.19579494641893158
LC10-2,Empty-Split,PCA3,0.31552751119950223,False,0.6398307402983558
LC10-2,Empty-Split,PCA4,0.13922019910512662,False,0.4918015317500627
LC10-2,Empty-Split,PCA5,0.9604721015399892,False,0.9930964162549378
LC10-2,Empty-Split,PCA6,0.7989201826376977,False,0.9178556793001493
LC10-1,Empty-Split,PCA1,0.4070449873726121,False,0.7059537984446269
LC10-1,Empty-Split,PCA2,0.9874661613864852,False,0.9976236063166368
LC10-1,Empty-Split,PCA3,0.8715467834309248,False,0.9529549994656816
LC10-1,Empty-Split,PCA4,0.7858543665731774,False,0.9175962663621445
LC10-1,Empty-Split,PCA5,0.6895384183045521,False,0.8763359483439065
LC10-1,Empty-Split,PCA6,0.32804083805648365,False,0.6416204771767291
LC9,Empty-Split,PCA1,0.16419762885289868,False,0.5167229164617435
LC9,Empty-Split,PCA2,0.9603800774815595,False,0.9930964162549378
LC9,Empty-Split,PCA3,0.5144222125359486,False,0.7696994007116824
LC9,Empty-Split,PCA4,0.4202048470158237,False,0.715726943419249
LC9,Empty-Split,PCA5,0.162737438228638,False,0.5154071651060843
LC9,Empty-Split,PCA6,0.21756262774712035,False,0.5684240208535266
LC11,Empty-Split,PCA1,0.620780117934109,False,0.8346975910059979
LC11,Empty-Split,PCA2,0.8335014723172343,False,0.9347376375470017
LC11,Empty-Split,PCA3,0.08799951961700964,False,0.41861126064824505
LC11,Empty-Split,PCA4,0.11451233409691237,False,0.4690999920589337
LC11,Empty-Split,PCA5,0.12861189513675225,False,0.486056634702053
LC11,Empty-Split,PCA6,0.4057346312407434,False,0.7059537984446269
LC4,Empty-Split,PCA1,0.20272407152118457,False,0.5502554808806273
LC4,Empty-Split,PCA2,0.736707066897031,False,0.8921178883114149
LC4,Empty-Split,PCA3,0.167213383669667,False,0.5193615496917473
LC4,Empty-Split,PCA4,0.06484611496785336,False,0.38100120602801113
LC4,Empty-Split,PCA5,0.012077714673510086,False,0.20812596951264642
LC4,Empty-Split,PCA6,0.7861817257022394,False,0.9175962663621445
LC6,Empty-Split,PCA1,0.12804190653276848,False,0.486056634702053
LC6,Empty-Split,PCA2,0.5407121050258745,False,0.7861889583025179
LC6,Empty-Split,PCA3,0.8417226115435225,False,0.9385153735613007
LC6,Empty-Split,PCA4,0.6632608152163494,False,0.863147389192019
LC6,Empty-Split,PCA5,0.2771077205452829,False,0.6175695945814191
LC6,Empty-Split,PCA6,0.05965988486322896,False,0.3710889185977008
"JON-AB
JO-15""",Empty-Gal4,PCA1,0.1537286790583153,False,0.49903793353007253
"JON-AB
JO-15""",Empty-Gal4,PCA2,0.2050784664923611,False,0.5502554808806273
"JON-AB
JO-15""",Empty-Gal4,PCA3,0.002098100460361474,False,0.09799323089593928
"JON-AB
JO-15""",Empty-Gal4,PCA4,0.9248342471664637,False,0.9806856937093762
"JON-AB
JO-15""",Empty-Gal4,PCA5,0.5815552973226592,False,0.8121036538345541
"JON-AB
JO-15""",Empty-Gal4,PCA6,0.17981415484880875,False,0.5288130563780238
LC12,Empty-Split,PCA1,0.17589173491513582,False,0.5237168796308589
LC12,Empty-Split,PCA2,0.2349992028579462,False,0.5834690942140768
LC12,Empty-Split,PCA3,0.7068752602256339,False,0.8815625285647539
LC12,Empty-Split,PCA4,0.4487739395181729,False,0.727194797401367
LC12,Empty-Split,PCA5,0.2669994904841191,False,0.6085385576304282
LC12,Empty-Split,PCA6,0.2948733439969616,False,0.6297967021099575
MB399B,Empty-Split,PCA1,0.14365978699771587,False,0.4953553818816829
MB399B,Empty-Split,PCA2,0.261798345335,False,0.6070065715639349
MB399B,Empty-Split,PCA3,0.0548562344606174,False,0.36570232402824504
MB399B,Empty-Split,PCA4,0.10353011470913974,False,0.45267022540789126
MB399B,Empty-Split,PCA5,0.29542146296697197,False,0.6297967021099575
MB399B,Empty-Split,PCA6,0.18204895526054943,False,0.5291902958863904
MB463B,Empty-Split,PCA1,0.9207970500398497,False,0.9785494001193813
MB463B,Empty-Split,PCA2,0.46597579077414264,False,0.7359458917782095
MB463B,Empty-Split,PCA3,0.25337127766451495,False,0.6061651102616757
MB463B,Empty-Split,PCA4,0.8125930346961285,False,0.9240343651687404
MB463B,Empty-Split,PCA5,0.6028802871899177,False,0.8239533418614035
MB463B,Empty-Split,PCA6,0.7250938827414323,False,0.8867507634347875
86712 (LH421),Empty-Split,PCA1,0.9353656646887751,False,0.9839399466022501
86712 (LH421),Empty-Split,PCA2,0.3644179384324102,False,0.680931171343189
86712 (LH421),Empty-Split,PCA3,0.45848969798392814,False,0.7302290362136932
86712 (LH421),Empty-Split,PCA4,0.01912685232826899,False,0.2586157266734915
86712 (LH421),Empty-Split,PCA5,0.12552276969989665,False,0.4850946703018228
86712 (LH421),Empty-Split,PCA6,0.3354958936445308,False,0.6451716281495761
86710 (LH290),Empty-Split,PCA1,0.5505844268449724,False,0.7894050411803228
86710 (LH290),Empty-Split,PCA2,0.008039056818767615,False,0.17484193615550478
86710 (LH290),Empty-Split,PCA3,0.809875402107727,False,0.9218496773708417
86710 (LH290),Empty-Split,PCA4,0.09047715535492191,False,0.4269949545208568
86710 (LH290),Empty-Split,PCA5,0.6578212288676127,False,0.8593419554353715
86710 (LH290),Empty-Split,PCA6,0.04712275145092058,False,0.3570433699431022
MB542B,Empty-Split,PCA1,0.5621302555353197,False,0.7952411434942792
MB542B,Empty-Split,PCA2,0.2315884278076612,False,0.5809171907612342
MB542B,Empty-Split,PCA3,0.8372173789774779,False,0.9359902158231355
MB542B,Empty-Split,PCA4,0.44618180856627043,False,0.727194797401367
MB542B,Empty-Split,PCA5,0.2636808014380917,False,0.6084109972638048
MB542B,Empty-Split,PCA6,0.9976236063166368,False,0.9976236063166368
MB371B,Empty-Split,PCA1,0.646005659339062,False,0.8509450033174873
MB371B,Empty-Split,PCA2,0.45576410958916935,False,0.7302290362136932
MB371B,Empty-Split,PCA3,0.904950087894651,False,0.9699375268816995
MB371B,Empty-Split,PCA4,0.9801856734059198,False,0.9973399900540258
MB371B,Empty-Split,PCA5,0.6048415996524337,False,0.8244073858276323
MB371B,Empty-Split,PCA6,0.30495225868633136,False,0.6376701609508663
MB549C,Empty-Split,PCA1,0.13111071956214226,False,0.486056634702053
MB549C,Empty-Split,PCA2,0.16570983155592128,False,0.517407365329391
MB549C,Empty-Split,PCA3,0.30237301997488303,False,0.6356221581866379
MB549C,Empty-Split,PCA4,0.3062827792381763,False,0.6376701609508663
MB549C,Empty-Split,PCA5,0.1635403625712998,False,0.5165798754236296
MB549C,Empty-Split,PCA6,0.9647525290260525,False,0.9930964162549378
MB543B,Empty-Split,PCA1,0.277255024218482,False,0.6175695945814191
MB543B,Empty-Split,PCA2,0.3279088502458464,False,0.6416204771767291
MB543B,Empty-Split,PCA3,0.8358750162304572,False,0.9353652946383936
MB543B,Empty-Split,PCA4,0.052647418017176234,False,0.36335848041912383
MB543B,Empty-Split,PCA5,0.9652637289532351,False,0.9930964162549378
MB543B,Empty-Split,PCA6,0.5660636275819498,False,0.7972714917748224
MB434B,Empty-Split,PCA1,0.1680535263177686,False,0.5195318152692573
MB434B,Empty-Split,PCA2,0.007219317948873669,False,0.1657666467491377
MB434B,Empty-Split,PCA3,0.7355923322767949,False,0.8916723296837493
MB434B,Empty-Split,PCA4,0.8077938734160384,False,0.9212090590819005
MB434B,Empty-Split,PCA5,0.859570950970745,False,0.9485468719584746
MB434B,Empty-Split,PCA6,0.2925207892896881,False,0.6297967021099575
7362 (C739-Gal4),Empty-Gal4,PCA1,0.7399837121988624,False,0.892465204409537
7362 (C739-Gal4),Empty-Gal4,PCA2,0.11964186807619522,False,0.4777671922507595
7362 (C739-Gal4),Empty-Gal4,PCA3,0.0447806698026948,False,0.3540935082411761
7362 (C739-Gal4),Empty-Gal4,PCA4,0.3721898265603334,False,0.687917419370028
7362 (C739-Gal4),Empty-Gal4,PCA5,0.26162963715602366,False,0.6070065715639349
7362 (C739-Gal4),Empty-Gal4,PCA6,0.8349296501220302,False,0.9351838670222364
51969 (Capa-GAL4 4F),Empty-Gal4,PCA1,0.2677691981434556,False,0.6085385576304282
51969 (Capa-GAL4 4F),Empty-Gal4,PCA2,0.10049683544394514,False,0.44773265080776575
51969 (Capa-GAL4 4F),Empty-Gal4,PCA3,0.9626277975837496,False,0.9930964162549378
51969 (Capa-GAL4 4F),Empty-Gal4,PCA4,0.43702872789729075,False,0.727194797401367
51969 (Capa-GAL4 4F),Empty-Gal4,PCA5,0.17365927025581576,False,0.5237168796308589
51969 (Capa-GAL4 4F),Empty-Gal4,PCA6,0.11171893843244522,False,0.46640703667251604
MB418B ,Empty-Split,PCA1,0.26143985569521555,False,0.6070065715639349
MB418B ,Empty-Split,PCA2,0.4415085746188183,False,0.727194797401367
MB418B ,Empty-Split,PCA3,0.7508329505470621,False,0.8999757748918752
MB418B ,Empty-Split,PCA4,0.11535353412302475,False,0.4690999920589337
MB418B ,Empty-Split,PCA5,0.11679696366493865,False,0.46960641382971613
MB418B ,Empty-Split,PCA6,0.2508938314324783,False,0.601540631988713
86683 (LH168),Empty-Split,PCA1,0.9444601546362552,False,0.9907198949237069
86683 (LH168),Empty-Split,PCA2,0.029318771034552382,False,0.29909523587228637
86683 (LH168),Empty-Split,PCA3,0.2338455031704691,False,0.582905074708852
86683 (LH168),Empty-Split,PCA4,0.6636809048505184,False,0.863147389192019
86683 (LH168),Empty-Split,PCA5,0.09683988306344912,False,0.44565236513774564
86683 (LH168),Empty-Split,PCA6,0.3809765265716797,False,0.6961754142723878
86692 (LH1479),Empty-Split,PCA1,0.44663683282253275,False,0.727194797401367
86692 (LH1479),Empty-Split,PCA2,0.032035297425894275,False,0.2995236964270357
86692 (LH1479),Empty-Split,PCA3,0.400849848332663,False,0.7059537984446269
86692 (LH1479),Empty-Split,PCA4,0.030693631887555375,False,0.29909523587228637
86692 (LH1479),Empty-Split,PCA5,0.4702251086498943,False,0.7416760630488426
86692 (LH1479),Empty-Split,PCA6,0.7152404589598517,False,0.8840549772236677
86682 (LH85),Empty-Split,PCA1,0.465274475120682,False,0.7358115540319129
86682 (LH85),Empty-Split,PCA2,0.08102100688499281,False,0.41630003844929453
86682 (LH85),Empty-Split,PCA3,0.025360896445318477,False,0.29116259957413715
86682 (LH85),Empty-Split,PCA4,0.0031425059572676196,False,0.1293845556199151
86682 (LH85),Empty-Split,PCA5,0.04934016418811713,False,0.3570433699431022
86682 (LH85),Empty-Split,PCA6,0.013799012172257904,False,0.2216539308910131
86701 (LH849),Empty-Split,PCA1,0.1214560563084685,False,0.4810768045474188
86701 (LH849),Empty-Split,PCA2,0.015945914006449343,False,0.24100533321139894
86701 (LH849),Empty-Split,PCA3,0.3748651264897299,False,0.6917912844339065
86701 (LH849),Empty-Split,PCA4,0.12209284625561591,False,0.4811183446508429
86701 (LH849),Empty-Split,PCA5,0.5694757617870736,False,0.7992164549246066
86701 (LH849),Empty-Split,PCA6,0.18681448077957605,False,0.5333515014415435
86685 (LH272),Empty-Split,PCA1,0.08298469126406391,False,0.41630003844929453
86685 (LH272),Empty-Split,PCA2,0.9323491606974622,False,0.9831628533738144
86685 (LH272),Empty-Split,PCA3,0.7663808895070834,False,0.907978598174154
86685 (LH272),Empty-Split,PCA4,0.06426388704525851,False,0.38100120602801113
86685 (LH272),Empty-Split,PCA5,0.1984429292093854,False,0.5472075230392752
86685 (LH272),Empty-Split,PCA6,0.1315176184018116,False,0.486056634702053
86690 (LH374),Empty-Split,PCA1,0.32758485616115707,False,0.6416204771767291
86690 (LH374),Empty-Split,PCA2,0.1110485838919342,False,0.46640703667251604
86690 (LH374),Empty-Split,PCA3,0.008327468480953466,False,0.17484193615550478
86690 (LH374),Empty-Split,PCA4,0.07495163892598317,False,0.4031182742235311
86690 (LH374),Empty-Split,PCA5,0.043528666035142445,False,0.3527072212068015
86690 (LH374),Empty-Split,PCA6,0.31336865439136696,False,0.6398307402983558
86697 (LH989),Empty-Split,PCA1,0.21446312768071268,False,0.5640285780853985
86697 (LH989),Empty-Split,PCA2,0.2745873360917408,False,0.615116846704575
86697 (LH989),Empty-Split,PCA3,0.38895248881207556,False,0.7013622867972678
86697 (LH989),Empty-Split,PCA4,0.48758681872898024,False,0.754117437256998
86697 (LH989),Empty-Split,PCA5,0.6841753040376016,False,0.8763359483439065
86697 (LH989),Empty-Split,PCA6,0.8154489545496715,False,0.926399668632072
86693 (LH979),Empty-Split,PCA1,0.7677065364345048,False,0.907978598174154
86693 (LH979),Empty-Split,PCA2,0.554488524663306,False,0.7894050411803228
86693 (LH979),Empty-Split,PCA3,0.42609275737982,False,0.7198232928575408
86693 (LH979),Empty-Split,PCA4,0.08430510188121035,False,0.41630003844929453
86693 (LH979),Empty-Split,PCA5,0.39410915922043166,False,0.7025846306553051
86693 (LH979),Empty-Split,PCA6,0.9361438687941007,False,0.9839399466022501
86699 (LH123),Empty-Split,PCA1,0.5307584396756154,False,0.7794902545789482
86699 (LH123),Empty-Split,PCA2,0.14434476339524407,False,0.4953553818816829
86699 (LH123),Empty-Split,PCA3,0.9877918970424984,False,0.9976236063166368
86699 (LH123),Empty-Split,PCA4,0.0038424736388357906,False,0.1306944949384424
86699 (LH123),Empty-Split,PCA5,0.047205624757215424,False,0.3570433699431022
86699 (LH123),Empty-Split,PCA6,0.9717657647767843,False,0.9930964162549378
SS32219-Gal4 (LAL-2),Empty-Split,PCA1,0.14948221364436448,False,0.4953553818816829
SS32219-Gal4 (LAL-2),Empty-Split,PCA2,0.15246647656354853,False,0.49739063665813377
SS32219-Gal4 (LAL-2),Empty-Split,PCA3,0.2238623526562386,False,0.5747117311272166
SS32219-Gal4 (LAL-2),Empty-Split,PCA4,0.4471531895664882,False,0.727194797401367
SS32219-Gal4 (LAL-2),Empty-Split,PCA5,0.456960585406055,False,0.7302290362136932
SS32219-Gal4 (LAL-2),Empty-Split,PCA6,0.04321583625586825,False,0.3527072212068015
GMR70G12-Gal4,Empty-Gal4,PCA1,0.9511265182403381,False,0.9908509246380994
GMR70G12-Gal4,Empty-Gal4,PCA2,0.023799343267310025,False,0.2861950642089506
GMR70G12-Gal4,Empty-Gal4,PCA3,0.2770405996832891,False,0.6175695945814191
GMR70G12-Gal4,Empty-Gal4,PCA4,0.04244076935245648,False,0.3527072212068015
GMR70G12-Gal4,Empty-Gal4,PCA5,0.08088337025371567,False,0.41630003844929453
GMR70G12-Gal4,Empty-Gal4,PCA6,0.7418348946291702,False,0.8937950193614826
SS32230-Gal4 (LAL-1),Empty-Split,PCA1,0.3350624494965986,False,0.6451716281495761
SS32230-Gal4 (LAL-1),Empty-Split,PCA2,0.6709690083089254,False,0.8660940496441696
SS32230-Gal4 (LAL-1),Empty-Split,PCA3,0.45963550649426044,False,0.7302290362136932
SS32230-Gal4 (LAL-1),Empty-Split,PCA4,0.5297855118848271,False,0.7794902545789482
SS32230-Gal4 (LAL-1),Empty-Split,PCA5,0.501737525623573,False,0.7641257724420231
SS32230-Gal4 (LAL-1),Empty-Split,PCA6,0.18245820658302012,False,0.5291902958863904
MBON-22-GaL4 (MBON-calyx),Empty-Split,PCA1,0.20058119278302852,False,0.5483975621746067
MBON-22-GaL4 (MBON-calyx),Empty-Split,PCA2,0.01830650244902821,False,0.25416237121092655
MBON-22-GaL4 (MBON-calyx),Empty-Split,PCA3,0.08776758118379799,False,0.41861126064824505
MBON-22-GaL4 (MBON-calyx),Empty-Split,PCA4,0.12424215323960595,False,0.48472809375322073
MBON-22-GaL4 (MBON-calyx),Empty-Split,PCA5,0.13783029882340037,False,0.49130635925004734
MBON-22-GaL4 (MBON-calyx),Empty-Split,PCA6,0.7479789108029895,False,0.8993824969776127
MB247-Gal4,Empty-Gal4,PCA1,0.012744087834422616,False,0.21133945658750838
MB247-Gal4,Empty-Gal4,PCA2,0.07480309865073285,False,0.4031182742235311
MB247-Gal4,Empty-Gal4,PCA3,0.5655850360762366,False,0.7972714917748224
MB247-Gal4,Empty-Gal4,PCA4,0.726591881938073,False,0.8870661626115125
MB247-Gal4,Empty-Gal4,PCA5,0.024040773179702168,False,0.2861950642089506
MB247-Gal4,Empty-Gal4,PCA6,0.6868988741249498,False,0.8763359483439065
MB310C,Empty-Split,PCA1,0.0994217627958877,False,0.44773265080776575
MB310C,Empty-Split,PCA2,0.0021338559491578066,False,0.09799323089593928
MB310C,Empty-Split,PCA3,0.14721441700658902,False,0.4953553818816829
MB310C,Empty-Split,PCA4,0.33239188427410427,False,0.6442790743884423
MB310C,Empty-Split,PCA5,0.11556318606057163,False,0.4690999920589337
MB310C,Empty-Split,PCA6,0.0008792122280650901,False,0.06561121251935735
DDC-gal4,Empty-Gal4,PCA1,0.10295255471611423,False,0.45193143504058964
DDC-gal4,Empty-Gal4,PCA2,0.024209130222030157,False,0.2861950642089506
DDC-gal4,Empty-Gal4,PCA3,0.0429180312959674,False,0.3527072212068015
DDC-gal4,Empty-Gal4,PCA4,0.03250376614850174,False,0.30084881225822546
DDC-gal4,Empty-Gal4,PCA5,0.0003380175238440623,False,0.060232337781284485
DDC-gal4,Empty-Gal4,PCA6,0.008675142735674725,False,0.1785882832137176
MB301B (PAM-03),Empty-Split,PCA1,0.6921054368532817,False,0.8763359483439065
MB301B (PAM-03),Empty-Split,PCA2,0.6257342206492551,False,0.8384712625668118
MB301B (PAM-03),Empty-Split,PCA3,0.48183851040463566,False,0.7496395219563733
MB301B (PAM-03),Empty-Split,PCA4,0.5966273612453014,False,0.8206912130831779
MB301B (PAM-03),Empty-Split,PCA5,0.8546435510585789,False,0.9466089053468861
MB301B (PAM-03),Empty-Split,PCA6,0.058002390812510525,False,0.3710889185977008
76003 (LH528),Empty-Split,PCA1,0.3173888534655287,False,0.6398307402983558
76003 (LH528),Empty-Split,PCA2,0.44667790872916746,False,0.727194797401367
76003 (LH528),Empty-Split,PCA3,0.8007960989402232,False,0.9178556793001493
76003 (LH528),Empty-Split,PCA4,0.10895607697296712,False,0.46296639112356847
76003 (LH528),Empty-Split,PCA5,0.10707585144801508,False,0.45953832184565
76003 (LH528),Empty-Split,PCA6,0.9634880692589173,False,0.9930964162549378
51993 (Lk-GAL4 2M),Empty-Gal4,PCA1,0.35163672951202685,False,0.6696240112238597
51993 (Lk-GAL4 2M),Empty-Gal4,PCA2,0.8290770838453506,False,0.9338849416144798
51993 (Lk-GAL4 2M),Empty-Gal4,PCA3,0.05497206099558796,False,0.36570232402824504
51993 (Lk-GAL4 2M),Empty-Gal4,PCA4,0.19082440615397755,False,0.5386391038956246
51993 (Lk-GAL4 2M),Empty-Gal4,PCA5,0.09809731732301352,False,0.4462873508701165
51993 (Lk-GAL4 2M),Empty-Gal4,PCA6,0.13849626912895727,False,0.49130635925004734
75823 (LH2446),Empty-Split,PCA1,0.2369446485622433,False,0.5845287404614018
75823 (LH2446),Empty-Split,PCA2,0.8978491048924047,False,0.9666653122105782
75823 (LH2446),Empty-Split,PCA3,0.92290199070049,False,0.97950664613012
75823 (LH2446),Empty-Split,PCA4,0.08647706685043541,False,0.41861126064824505
75823 (LH2446),Empty-Split,PCA5,0.16056058550176996,False,0.5098652635348759
75823 (LH2446),Empty-Split,PCA6,0.05098168596867673,False,0.3580713708623531
75860 (LH2454),Empty-Split,PCA1,0.6462570915053741,False,0.8509450033174873
75860 (LH2454),Empty-Split,PCA2,0.12839843566854967,False,0.486056634702053
75860 (LH2454),Empty-Split,PCA3,0.9282164315598703,False,0.9811001263200986
75860 (LH2454),Empty-Split,PCA4,0.059546882820118184,False,0.3710889185977008
75860 (LH2454),Empty-Split,PCA5,0.6612189681382379,False,0.8618945938395809
75860 (LH2454),Empty-Split,PCA6,0.28521827823801527,False,0.6263868299536172
76013 (LH1827),Empty-Split,PCA1,0.9598011338381452,False,0.9930964162549378
76013 (LH1827),Empty-Split,PCA2,0.3535649157198497,False,0.6722237410342365
76013 (LH1827),Empty-Split,PCA3,0.11554465800440383,False,0.4690999920589337
76013 (LH1827),Empty-Split,PCA4,0.07956056510479943,False,0.41630003844929453
76013 (LH1827),Empty-Split,PCA5,0.04401455273016199,False,0.3527072212068015
76013 (LH1827),Empty-Split,PCA6,0.6965469209555752,False,0.8765381921454702
75956 (LH2445),Empty-Split,PCA1,0.8182393384049462,False,0.9278041501001955
75956 (LH2445),Empty-Split,PCA2,0.5284805494309562,False,0.7794902545789482
75956 (LH2445),Empty-Split,PCA3,0.12576204921390025,False,0.4850946703018228
75956 (LH2445),Empty-Split,PCA4,0.05998338466445247,False,0.3710889185977008
75956 (LH2445),Empty-Split,PCA5,0.315409819346171,False,0.6398307402983558
75956 (LH2445),Empty-Split,PCA6,0.029394250408813324,False,0.29909523587228637
52017 (AstC-GAL4 1M),Empty-Gal4,PCA1,0.9171591896459925,False,0.9776733016623894
52017 (AstC-GAL4 1M),Empty-Gal4,PCA2,0.18896497908532808,False,0.5372004405425755
52017 (AstC-GAL4 1M),Empty-Gal4,PCA3,0.011788203669465066,False,0.20812596951264642
52017 (AstC-GAL4 1M),Empty-Gal4,PCA4,0.4974837067582828,False,0.7613048154836716
52017 (AstC-GAL4 1M),Empty-Gal4,PCA5,0.5115624739444958,False,0.7663809208152171
52017 (AstC-GAL4 1M),Empty-Gal4,PCA6,0.994467754519285,False,0.9976236063166368
75945 (LH1543),Empty-Split,PCA1,0.1386685452824673,False,0.49130635925004734
75945 (LH1543),Empty-Split,PCA2,0.5976731920032146,False,0.8206912130831779
75945 (LH1543),Empty-Split,PCA3,0.43169121483720607,False,0.7249498038194432
75945 (LH1543),Empty-Split,PCA4,0.7945258312004045,False,0.9178556793001493
75945 (LH1543),Empty-Split,PCA5,0.13189476519553198,False,0.486056634702053
75945 (LH1543),Empty-Split,PCA6,0.3943771650455007,False,0.7025846306553051
86604 (LH2001),Empty-Split,PCA1,0.7121034861611536,False,0.8829195872029256
86604 (LH2001),Empty-Split,PCA2,0.4048050394764773,False,0.7059537984446269
86604 (LH2001),Empty-Split,PCA3,0.49815791479340854,False,0.7613048154836716
86604 (LH2001),Empty-Split,PCA4,0.6069254354833464,False,0.8257687842084988
86604 (LH2001),Empty-Split,PCA5,0.9478971413461654,False,0.9907198949237069
86604 (LH2001),Empty-Split,PCA6,0.4140389936256377,False,0.7102910321681198
25681 (NPF-GAL4 2),Empty-Gal4,PCA1,0.2959095057652313,False,0.6297967021099575
25681 (NPF-GAL4 2),Empty-Gal4,PCA2,0.2676367085104099,False,0.6085385576304282
25681 (NPF-GAL4 2),Empty-Gal4,PCA3,0.4783645129502152,False,0.74662382805563
25681 (NPF-GAL4 2),Empty-Gal4,PCA4,0.43247150752017094,False,0.7252401404200619
25681 (NPF-GAL4 2),Empty-Gal4,PCA5,0.00106807620413128,False,0.07084905487404158
25681 (NPF-GAL4 2),Empty-Gal4,PCA6,0.6361943882745714,False,0.8440178884442647
86647 (LH1959),Empty-Split,PCA1,0.5696257982754105,False,0.7992164549246066
86647 (LH1959),Empty-Split,PCA2,0.25859715007072465,False,0.6070065715639349
86647 (LH1959),Empty-Split,PCA3,0.3970587170905524,False,0.7047089502393553
86647 (LH1959),Empty-Split,PCA4,0.6680322219993772,False,0.8656912394436386
86647 (LH1959),Empty-Split,PCA5,0.2266848805404531,False,0.5776387208645375
86647 (LH1959),Empty-Split,PCA6,0.41952964049336183,False,0.7155977010701058
86659 (LH1721),Empty-Split,PCA1,0.4791574923212001,False,0.7468851773257349
86659 (LH1721),Empty-Split,PCA2,0.13699941230659896,False,0.49130635925004734
86659 (LH1721),Empty-Split,PCA3,0.43458702479276257,False,0.7269765311487338
86659 (LH1721),Empty-Split,PCA4,0.8668575840174122,False,0.9518430688797344
86659 (LH1721),Empty-Split,PCA5,0.8337483952994613,False,0.9347376375470017
86659 (LH1721),Empty-Split,PCA6,0.7563816263611232,False,0.9003523518586344
86656 (LH721),Empty-Split,PCA1,0.14896037347335955,False,0.4953553818816829
86656 (LH721),Empty-Split,PCA2,0.08408081338001978,False,0.41630003844929453
86656 (LH721),Empty-Split,PCA3,0.28716591440284234,False,0.6272063819967234
86656 (LH721),Empty-Split,PCA4,0.04927270403814218,False,0.3570433699431022
86656 (LH721),Empty-Split,PCA5,0.9935181116152904,False,0.9976236063166368
86656 (LH721),Empty-Split,PCA6,0.7049270663631642,False,0.8815625285647539
86643 (LH1893),Empty-Split,PCA1,0.10211008098695147,False,0.4515534692534076
86643 (LH1893),Empty-Split,PCA2,0.02808949301000523,False,0.29909523587228637
86643 (LH1893),Empty-Split,PCA3,0.7514873095202677,False,0.8999757748918752
86643 (LH1893),Empty-Split,PCA4,0.6922744799056588,False,0.8763359483439065
86643 (LH1893),Empty-Split,PCA5,0.17484004247654764,False,0.5237168796308589
86643 (LH1893),Empty-Split,PCA6,0.6171114396413266,False,0.8330373442511555
86653 (LH1925),Empty-Split,PCA1,0.09122031412001738,False,0.4271257061149049
86653 (LH1925),Empty-Split,PCA2,0.13365629116635105,False,0.4909880227204363
86653 (LH1925),Empty-Split,PCA3,0.8919873321363776,False,0.9630804977130452
86653 (LH1925),Empty-Split,PCA4,0.8002714966987847,False,0.9178556793001493
86653 (LH1925),Empty-Split,PCA5,0.022303492669741937,False,0.28330181114544545
86653 (LH1925),Empty-Split,PCA6,0.5287107027894105,False,0.7794902545789482
86658 (LH1744),Empty-Split,PCA1,0.19829407476762637,False,0.5472075230392752
86658 (LH1744),Empty-Split,PCA2,0.05360957915482862,False,0.36570232402824504
86658 (LH1744),Empty-Split,PCA3,0.45923691953929935,False,0.7302290362136932
86658 (LH1744),Empty-Split,PCA4,0.5544481566033246,False,0.7894050411803228
86658 (LH1744),Empty-Split,PCA5,0.9941995802357797,False,0.9976236063166368
86658 (LH1744),Empty-Split,PCA6,0.6202129262319239,False,0.8346975910059979
86641 (LH1900),Empty-Split,PCA1,0.8207015475154729,False,0.9295890136129235
86641 (LH1900),Empty-Split,PCA2,0.45730021302704016,False,0.7302290362136932
86641 (LH1900),Empty-Split,PCA3,0.9167951480428828,False,0.9776733016623894
86641 (LH1900),Empty-Split,PCA4,0.4460143233408549,False,0.727194797401367
86641 (LH1900),Empty-Split,PCA5,0.7947513013182599,False,0.9178556793001493
86641 (LH1900),Empty-Split,PCA6,0.13037120539134253,False,0.486056634702053
51989 (Dh31-GAL4 5F),Empty-Gal4,PCA1,0.038031501144793124,False,0.33377426537087956
51989 (Dh31-GAL4 5F),Empty-Gal4,PCA2,0.0035400347016722234,False,0.1306944949384424
51989 (Dh31-GAL4 5F),Empty-Gal4,PCA3,0.04756149569366861,False,0.3570433699431022
51989 (Dh31-GAL4 5F),Empty-Gal4,PCA4,0.8990588737792105,False,0.9670957615246641
51989 (Dh31-GAL4 5F),Empty-Gal4,PCA5,0.20074585594159183,False,0.5483975621746067
51989 (Dh31-GAL4 5F),Empty-Gal4,PCA6,0.7564295057950976,False,0.9003523518586344
51990 (FMRFa-GAL4 1M),Empty-Gal4,PCA1,0.6802915461860986,False,0.8743467235158252
51990 (FMRFa-GAL4 1M),Empty-Gal4,PCA2,0.7954462926390778,False,0.9178556793001493
51990 (FMRFa-GAL4 1M),Empty-Gal4,PCA3,0.0508590783729593,False,0.3580713708623531
51990 (FMRFa-GAL4 1M),Empty-Gal4,PCA4,0.6488568626883366,False,0.8513572462086526
51990 (FMRFa-GAL4 1M),Empty-Gal4,PCA5,0.1942224386267383,False,0.54076547942778
51990 (FMRFa-GAL4 1M),Empty-Gal4,PCA6,0.2538379858717235,False,0.6061651102616757
51991 (sNPF-GAL4 2),Empty-Gal4,PCA1,0.5572913630700485,False,0.7904567988189533
51991 (sNPF-GAL4 2),Empty-Gal4,PCA2,0.14963028235462242,False,0.4953553818816829
51991 (sNPF-GAL4 2),Empty-Gal4,PCA3,0.23504910746814983,False,0.5834690942140768
51991 (sNPF-GAL4 2),Empty-Gal4,PCA4,0.0674132503503905,False,0.38461287749082723
51991 (sNPF-GAL4 2),Empty-Gal4,PCA5,0.6435237028636204,False,0.8499638287822596
51991 (sNPF-GAL4 2),Empty-Gal4,PCA6,0.016760123470627598,False,0.24226558502780177
86830 (pC1-SS1),Empty-Split,PCA1,0.13508014623870554,False,0.4909880227204363
86830 (pC1-SS1),Empty-Split,PCA2,0.004174476588538438,False,0.1306944949384424
86830 (pC1-SS1),Empty-Split,PCA3,0.8400774921900862,False,0.9383091914639503
86830 (pC1-SS1),Empty-Split,PCA4,0.0009517686805157454,False,0.06684775320798823
86830 (pC1-SS1),Empty-Split,PCA5,0.4578276067314645,False,0.7302290362136932
86830 (pC1-SS1),Empty-Split,PCA6,0.8218519904339616,False,0.9295890136129235
86713 (LH279),Empty-Split,PCA1,0.4312982013160691,False,0.7249498038194432
86713 (LH279),Empty-Split,PCA2,0.2814641848662803,False,0.6211982194645816
86713 (LH279),Empty-Split,PCA3,0.40092636849064534,False,0.7059537984446269
86713 (LH279),Empty-Split,PCA4,0.15221439370096815,False,0.49739063665813377
86713 (LH279),Empty-Split,PCA5,0.2982173186169776,False,0.6313324085614739
86713 (LH279),Empty-Split,PCA6,0.5294848953584623,False,0.7794902545789482
86720 (LH18),Empty-Split,PCA1,0.40100701572255415,False,0.7059537984446269
86720 (LH18),Empty-Split,PCA2,0.011112415832409777,False,0.20812596951264642
86720 (LH18),Empty-Split,PCA3,0.3224698097379236,False,0.6398307402983558
86720 (LH18),Empty-Split,PCA4,0.06343126890643117,False,0.38100120602801113
86720 (LH18),Empty-Split,PCA5,0.5414045734815923,False,0.7861889583025179
86720 (LH18),Empty-Split,PCA6,0.6079152104851511,False,0.8257687842084988
51992 (Lk-GAL4 1),Empty-Gal4,PCA1,0.2714153745948889,False,0.6103012377896372
51992 (Lk-GAL4 1),Empty-Gal4,PCA2,0.08437571968570291,False,0.41630003844929453
51992 (Lk-GAL4 1),Empty-Gal4,PCA3,0.8098997584271465,False,0.9218496773708417
51992 (Lk-GAL4 1),Empty-Gal4,PCA4,0.3185857134917302,False,0.6398307402983558
51992 (Lk-GAL4 1),Empty-Gal4,PCA5,0.482180195027215,False,0.7496395219563733
51992 (Lk-GAL4 1),Empty-Gal4,PCA6,0.3139494664254243,False,0.6398307402983558
86714 (LH180),Empty-Split,PCA1,0.15380733629737578,False,0.49903793353007253
86714 (LH180),Empty-Split,PCA2,0.918718127692798,False,0.9776733016623894
86714 (LH180),Empty-Split,PCA3,0.3058981289882348,False,0.6376701609508663
86714 (LH180),Empty-Split,PCA4,0.2632714211416389,False,0.6084109972638048
86714 (LH180),Empty-Split,PCA5,0.23999859250157018,False,0.5896261717013885
86714 (LH180),Empty-Split,PCA6,0.485039463800899,False,0.7511506093103417
R38H02-gal4 (R4 (EB)),Empty-Gal4,PCA1,0.43472465933014737,False,0.7269765311487338
R38H02-gal4 (R4 (EB)),Empty-Gal4,PCA2,0.00374482363457754,False,0.1306944949384424
R38H02-gal4 (R4 (EB)),Empty-Gal4,PCA3,0.001204973356145977,False,0.07193690936191484
R38H02-gal4 (R4 (EB)),Empty-Gal4,PCA4,0.3558763685827585,False,0.6744704509330376
R38H02-gal4 (R4 (EB)),Empty-Gal4,PCA5,0.5449077235871154,False,0.7883498410228422
R38H02-gal4 (R4 (EB)),Empty-Gal4,PCA6,0.0006369020209292365,False,0.060232337781284485
86615 (LH2201),Empty-Split,PCA1,0.9744350184504886,False,0.9944234290853704
86615 (LH2201),Empty-Split,PCA2,0.20488493505729757,False,0.5502554808806273
86615 (LH2201),Empty-Split,PCA3,0.9331211993208928,False,0.9831628533738144
86615 (LH2201),Empty-Split,PCA4,0.5305861183999911,False,0.7794902545789482
86615 (LH2201),Empty-Split,PCA5,0.969283405900252,False,0.9930964162549378
86615 (LH2201),Empty-Split,PCA6,0.7830726250870513,False,0.9168662836514948
86694 (LH1337),Empty-Split,PCA1,0.18969164046894976,False,0.5379853176245274
86694 (LH1337),Empty-Split,PCA2,0.4096706911099762,False,0.7068595450654792
86694 (LH1337),Empty-Split,PCA3,0.12167939277497529,False,0.4810768045474188
86694 (LH1337),Empty-Split,PCA4,0.01638448036298665,False,0.24226558502780177
86694 (LH1337),Empty-Split,PCA5,0.14622620080390444,False,0.4953553818816829
86694 (LH1337),Empty-Split,PCA6,0.8441615514051121,False,0.9393559108832281
LC25,Empty-Split,PCA1,0.6823655730688548,False,0.8751283504234293
LC25,Empty-Split,PCA2,0.008301571806314634,False,0.17484193615550478
LC25,Empty-Split,PCA3,0.5574243087148733,False,0.7904567988189533
LC25,Empty-Split,PCA4,0.008064286217655883,False,0.17484193615550478
LC25,Empty-Split,PCA5,0.993692288770756,False,0.9976236063166368
LC25,Empty-Split,PCA6,0.44352894350132577,False,0.727194797401367
LC16-2,Empty-Split,PCA1,0.4306666919076825,False,0.7249498038194432
LC16-2,Empty-Split,PCA2,0.32833342676296606,False,0.6416204771767291
LC16-2,Empty-Split,PCA3,0.7570802020653844,False,0.9003523518586344
LC16-2,Empty-Split,PCA4,0.6144761488289352,False,0.831841861339851
LC16-2,Empty-Split,PCA5,0.5384848154030412,False,0.7861889583025179
LC16-2,Empty-Split,PCA6,0.8169044695443224,False,0.9271710424295827
LC24,Empty-Split,PCA1,0.29214914058371794,False,0.6297967021099575
LC24,Empty-Split,PCA2,0.17488243819093663,False,0.5237168796308589
LC24,Empty-Split,PCA3,0.21155066468609185,False,0.5588307381309594
LC24,Empty-Split,PCA4,0.12463276782432059,False,0.48472809375322073
LC24,Empty-Split,PCA5,0.30655165191440303,False,0.6376701609508663
LC24,Empty-Split,PCA6,0.5220521596667363,False,0.77721979880559
LC15,Empty-Split,PCA1,0.3666858415717902,False,0.6827430492450863
LC15,Empty-Split,PCA2,0.04929216891612627,False,0.3570433699431022
LC15,Empty-Split,PCA3,0.19594767251579914,False,0.5428341554149981
LC15,Empty-Split,PCA4,0.14846513379865206,False,0.4953553818816829
LC15,Empty-Split,PCA5,0.43542652027868456,False,0.7271318394583908
LC15,Empty-Split,PCA6,0.5046407455274742,False,0.7646460027408682
LC21,Empty-Split,PCA1,0.32304791873875316,False,0.6398307402983558
LC21,Empty-Split,PCA2,0.0639609555177626,False,0.38100120602801113
LC21,Empty-Split,PCA3,0.6324408046841512,False,0.8421627422812394
LC21,Empty-Split,PCA4,0.3940655617887786,False,0.7025846306553051
LC21,Empty-Split,PCA5,0.26926924779187295,False,0.6091122022451415
LC21,Empty-Split,PCA6,0.7227061253386975,False,0.8867507634347875
LC16-1,Empty-Split,PCA1,0.1168116456511103,False,0.46960641382971613
LC16-1,Empty-Split,PCA2,0.524537195078706,False,0.7794902545789482
LC16-1,Empty-Split,PCA3,0.2443657092924708,False,0.5954544018269594
LC16-1,Empty-Split,PCA4,0.03566819412545544,False,0.322635028680256
LC16-1,Empty-Split,PCA5,0.08170552595880234,False,0.41630003844929453
LC16-1,Empty-Split,PCA6,0.06297029954122402,False,0.38100120602801113
LC13,Empty-Split,PCA1,0.25679648290022594,False,0.6070065715639349
LC13,Empty-Split,PCA2,0.10571511223061848,False,0.4588958092439482
LC13,Empty-Split,PCA3,0.13185043187358855,False,0.486056634702053
LC13,Empty-Split,PCA4,0.1601731280164539,False,0.5098652635348759
LC13,Empty-Split,PCA5,0.6914826326615693,False,0.8763359483439065
LC13,Empty-Split,PCA6,0.4899858448070681,False,0.7568474756787054
LC20,Empty-Split,PCA1,0.5893277511240542,False,0.8172559057399776
LC20,Empty-Split,PCA2,0.03055957628695534,False,0.29909523587228637
LC20,Empty-Split,PCA3,0.14342480331390606,False,0.4953553818816829
LC20,Empty-Split,PCA4,0.15232107041224405,False,0.49739063665813377
LC20,Empty-Split,PCA5,0.3928567028623615,False,0.7025846306553051
LC20,Empty-Split,PCA6,0.49244979624395,False,0.7585322286414599
LC22,Empty-Split,PCA1,0.31052564101964686,False,0.6398307402983558
LC22,Empty-Split,PCA2,0.9945532093271517,False,0.9976236063166368
LC22,Empty-Split,PCA3,0.2305107803704087,False,0.579502331792228
LC22,Empty-Split,PCA4,0.15543797630430448,False,0.5029619070659608
LC22,Empty-Split,PCA5,0.49303547708417106,False,0.7585322286414599
LC22,Empty-Split,PCA6,0.42502855715224586,False,0.7198232928575408
R44B10 (Ventral P-FN silencing line),Empty-Gal4,PCA1,0.08497880918458604,False,0.41755019821562034
R44B10 (Ventral P-FN silencing line),Empty-Gal4,PCA2,0.16839096525058841,False,0.5195318152692573
R44B10 (Ventral P-FN silencing line),Empty-Gal4,PCA3,0.44501361164348896,False,0.727194797401367
R44B10 (Ventral P-FN silencing line),Empty-Gal4,PCA4,0.3093062104991631,False,0.6398307402983558
R44B10 (Ventral P-FN silencing line),Empty-Gal4,PCA5,0.41330084566314185,False,0.71004490607452
R44B10 (Ventral P-FN silencing line),Empty-Gal4,PCA6,0.6705709787796938,False,0.8660940496441696
23292 (ORCO-GAL4),Empty-Gal4,PCA1,0.5907904736052816,False,0.8183339042746012
23292 (ORCO-GAL4),Empty-Gal4,PCA2,0.0033740664455517715,False,0.1306944949384424
23292 (ORCO-GAL4),Empty-Gal4,PCA3,0.3942300444669571,False,0.7025846306553051
23292 (ORCO-GAL4),Empty-Gal4,PCA4,0.968325120003263,False,0.9930964162549378
23292 (ORCO-GAL4),Empty-Gal4,PCA5,0.3371391138380656,False,0.6461382053333071
23292 (ORCO-GAL4),Empty-Gal4,PCA6,0.06994784030968045,False,0.3902697258399928
86633 (LH2382),Empty-Split,PCA1,0.8705467332827903,False,0.9527340050775908
86633 (LH2382),Empty-Split,PCA2,0.394836086406792,False,0.7025846306553051
86633 (LH2382),Empty-Split,PCA3,0.1463104427362438,False,0.4953553818816829
86633 (LH2382),Empty-Split,PCA4,0.5506558323327413,False,0.7894050411803228
86633 (LH2382),Empty-Split,PCA5,0.3586863541112939,False,0.6754220714646196
86633 (LH2382),Empty-Split,PCA6,0.646404621448041,False,0.8509450033174873
23137 (OR88a-GAL4),Empty-Gal4,PCA1,0.9806341275740589,False,0.9973399900540258
23137 (OR88a-GAL4),Empty-Gal4,PCA2,0.9912449538567316,False,0.9976236063166368
23137 (OR88a-GAL4),Empty-Gal4,PCA3,0.1374875456925486,False,0.49130635925004734
23137 (OR88a-GAL4),Empty-Gal4,PCA4,0.20384488461689146,False,0.5502554808806273
23137 (OR88a-GAL4),Empty-Gal4,PCA5,0.5860968452536337,False,0.8137205037591146
23137 (OR88a-GAL4),Empty-Gal4,PCA6,0.09741647177634138,False,0.44565236513774564
86698 (LH258),Empty-Split,PCA1,0.12316766130046725,False,0.48375719602880884
86698 (LH258),Empty-Split,PCA2,0.833608988120625,False,0.9347376375470017
86698 (LH258),Empty-Split,PCA3,0.45563733209076396,False,0.7302290362136932
86698 (LH258),Empty-Split,PCA4,0.14095209935711894,False,0.49436115360083854
86698 (LH258),Empty-Split,PCA5,0.0753069127142392,False,0.4032127972233256
86698 (LH258),Empty-Split,PCA6,0.30092532012271267,False,0.63369458946476
23129 (ORCO mutant),TNTxPR,PCA1,0.21514294580539212,False,0.5645729171244795
23129 (ORCO mutant),TNTxPR,PCA2,0.48464651580981644,False,0.7511506093103417
23129 (ORCO mutant),TNTxPR,PCA3,0.45015866004458904,False,0.7273199459989707
23129 (ORCO mutant),TNTxPR,PCA4,0.4918310784620781,False,0.7585322286414599
23129 (ORCO mutant),TNTxPR,PCA5,0.6853171282432908,False,0.8763359483439065
23129 (ORCO mutant),TNTxPR,PCA6,0.8576213471611696,False,0.9481480449170707
MBON-08-GaL4  MBON-09-GaL4 ,Empty-Split,PCA1,0.29248562104885545,False,0.6297967021099575
MBON-08-GaL4  MBON-09-GaL4 ,Empty-Split,PCA2,0.002309595890211179,False,0.1021354627004499
MBON-08-GaL4  MBON-09-GaL4 ,Empty-Split,PCA3,0.05946277892782257,False,0.3710889185977008
MBON-08-GaL4  MBON-09-GaL4 ,Empty-Split,PCA4,0.7920211013553657,False,0.9178556793001493
MBON-08-GaL4  MBON-09-GaL4 ,Empty-Split,PCA5,0.3709262219502828,False,0.6866448201684305
MBON-08-GaL4  MBON-09-GaL4 ,Empty-Split,PCA6,0.3321269045865959,False,0.6442790743884423
R12D09 (P-EN1(2) patch line),Empty-Gal4,PCA1,0.9718907068003946,False,0.9930964162549378
R12D09 (P-EN1(2) patch line),Empty-Gal4,PCA2,0.6985620317439576,False,0.8779821746339845
R12D09 (P-EN1(2) patch line),Empty-Gal4,PCA3,0.11374424787194024,False,0.4690999920589337
R12D09 (P-EN1(2) patch line),Empty-Gal4,PCA4,0.020362559954066713,False,0.27014329539061843
R12D09 (P-EN1(2) patch line),Empty-Gal4,PCA5,0.031033830310709727,False,0.29909523587228637
R12D09 (P-EN1(2) patch line),Empty-Gal4,PCA6,0.004651990069190989,False,0.13224943196700098
R78B06-gal4 (ER2 (EB)),Empty-Gal4,PCA1,0.24685266547732726,False,0.59785412288018
R78B06-gal4 (ER2 (EB)),Empty-Gal4,PCA2,0.030658721645843323,False,0.29909523587228637
R78B06-gal4 (ER2 (EB)),Empty-Gal4,PCA3,0.20117096501882553,False,0.5483975621746067
R78B06-gal4 (ER2 (EB)),Empty-Gal4,PCA4,0.3307277231888228,False,0.6441907038947055
R78B06-gal4 (ER2 (EB)),Empty-Gal4,PCA5,0.04351726736072736,False,0.3527072212068015
R78B06-gal4 (ER2 (EB)),Empty-Gal4,PCA6,0.11499189586291654,False,0.4690999920589337
86705 (LH1668),Empty-Split,PCA1,0.9476773387007523,False,0.9907198949237069
86705 (LH1668),Empty-Split,PCA2,0.06041496683346755,False,0.371832321645156
86705 (LH1668),Empty-Split,PCA3,0.5268775851722869,False,0.7794902545789482
86705 (LH1668),Empty-Split,PCA4,0.013996404156286956,False,0.2216539308910131
86705 (LH1668),Empty-Split,PCA5,0.5845737891722864,False,0.8134599630520207
86705 (LH1668),Empty-Split,PCA6,0.9722055078974989,False,0.9930964162549378
9998 (OR67d-GAL4),Empty-Gal4,PCA1,0.32097681190680116,False,0.6398307402983558
9998 (OR67d-GAL4),Empty-Gal4,PCA2,0.006400767881129376,False,0.1533976117941734
9998 (OR67d-GAL4),Empty-Gal4,PCA3,0.564259965373671,False,0.7972714917748224
9998 (OR67d-GAL4),Empty-Gal4,PCA4,0.1363362646571437,False,0.49130635925004734
9998 (OR67d-GAL4),Empty-Gal4,PCA5,0.9668292640096887,False,0.9930964162549378
9998 (OR67d-GAL4),Empty-Gal4,PCA6,0.8663395164583775,False,0.9518430688797344
854 (OK107-Gal4),Empty-Gal4,PCA1,0.011437526131895106,False,0.20812596951264642
854 (OK107-Gal4),Empty-Gal4,PCA2,4.5633351250163085e-05,True,0.017008602122995542
854 (OK107-Gal4),Empty-Gal4,PCA3,0.0011311698917985378,False,0.07108509741091863
854 (OK107-Gal4),Empty-Gal4,PCA4,0.00048426573405326473,False,0.060232337781284485
854 (OK107-Gal4),Empty-Gal4,PCA5,0.050421570575804875,False,0.3580713708623531
854 (OK107-Gal4),Empty-Gal4,PCA6,0.003990212908267355,False,0.1306944949384424
9983 (OR47b-GAL4),Empty-Gal4,PCA1,0.6090086194104385,False,0.8263139677000721
9983 (OR47b-GAL4),Empty-Gal4,PCA2,0.04171641297290593,False,0.3527072212068015
9983 (OR47b-GAL4),Empty-Gal4,PCA3,0.42457013315270353,False,0.7198232928575408
9983 (OR47b-GAL4),Empty-Gal4,PCA4,0.6794456973733078,False,0.8743467235158252
9983 (OR47b-GAL4),Empty-Gal4,PCA5,0.8764355493936531,False,0.9568379405582229
9983 (OR47b-GAL4),Empty-Gal4,PCA6,0.19893931586910438,False,0.5473123114002549
9941 (GR63a mutant),TNTxPR,PCA1,0.5331556536882839,False,0.7810893871212404
9941 (GR63a mutant),TNTxPR,PCA2,0.26808315017889883,False,0.6085385576304282
9941 (GR63a mutant),TNTxPR,PCA3,0.3891074350111985,False,0.7013622867972678
9941 (GR63a mutant),TNTxPR,PCA4,0.29497247327342524,False,0.6297967021099575
9941 (GR63a mutant),TNTxPR,PCA5,0.2972268382452486,False,0.6303531880369926
9941 (GR63a mutant),TNTxPR,PCA6,0.22844100101092635,False,0.5791052127538133
86703 (LH1531),Empty-Split,PCA1,0.554666478917762,False,0.7894050411803228
86703 (LH1531),Empty-Split,PCA2,0.3245414922148886,False,0.6398307402983558
86703 (LH1531),Empty-Split,PCA3,0.8894676471476344,False,0.9630804977130452
86703 (LH1531),Empty-Split,PCA4,0.13480199135816728,False,0.4909880227204363
86703 (LH1531),Empty-Split,PCA5,0.8872004089694315,False,0.9621410429695741
86703 (LH1531),Empty-Split,PCA6,0.83101917179329,False,0.9347376375470017
86707 (LH578),Empty-Split,PCA1,0.14086614912216175,False,0.49436115360083854
86707 (LH578),Empty-Split,PCA2,0.13695415117926926,False,0.49130635925004734
86707 (LH578),Empty-Split,PCA3,0.9451226643823349,False,0.9907198949237069
86707 (LH578),Empty-Split,PCA4,0.22208374150640156,False,0.5736061876896832
86707 (LH578),Empty-Split,PCA5,0.2928473875429808,False,0.6297967021099575
86707 (LH578),Empty-Split,PCA6,0.3767821924839134,False,0.6921199043473734
9943 (GR63a-GAL4),Empty-Gal4,PCA1,0.2592686013640608,False,0.6070065715639349
9943 (GR63a-GAL4),Empty-Gal4,PCA2,0.0007338905485084987,False,0.06259037963708196
9943 (GR63a-GAL4),Empty-Gal4,PCA3,0.014705686833645393,False,0.22803363739444935
9943 (GR63a-GAL4),Empty-Gal4,PCA4,0.7854332073841206,False,0.9175962663621445
9943 (GR63a-GAL4),Empty-Gal4,PCA5,0.0004333193751720438,False,0.060232337781284485
9943 (GR63a-GAL4),Empty-Gal4,PCA6,0.6267588454107207,False,0.8384712625668118
KC-α/βs-GaL4,Empty-Split,PCA1,0.1473221772871994,False,0.4953553818816829
KC-α/βs-GaL4,Empty-Split,PCA2,0.9723029402026988,False,0.9930964162549378
KC-α/βs-GaL4,Empty-Split,PCA3,0.6270978538292822,False,0.8384712625668118
KC-α/βs-GaL4,Empty-Split,PCA4,0.9075270668500797,False,0.970286334769037
KC-α/βs-GaL4,Empty-Split,PCA5,0.7976095527511315,False,0.9178556793001493
KC-α/βs-GaL4,Empty-Split,PCA6,0.42945200255527516,False,0.7242453263432183
R58E02 (All PAMs),Empty-Gal4,PCA1,0.7147264328305423,False,0.8840549772236677
R58E02 (All PAMs),Empty-Gal4,PCA2,0.55098711091725,False,0.7894050411803228
R58E02 (All PAMs),Empty-Gal4,PCA3,0.14167760985529881,False,0.4946288484421835
R58E02 (All PAMs),Empty-Gal4,PCA4,0.02276253692426107,False,0.2860891482901865
R58E02 (All PAMs),Empty-Gal4,PCA5,0.6266699442641929,False,0.8384712625668118
R58E02 (All PAMs),Empty-Gal4,PCA6,0.901591746854211,False,0.9689473859081259
MB188B (PAM-08),Empty-Split,PCA1,0.484587448327375,False,0.7511506093103417
MB188B (PAM-08),Empty-Split,PCA2,0.049972191134691514,False,0.3580713708623531
MB188B (PAM-08),Empty-Split,PCA3,0.8017207640159345,False,0.9178556793001493
MB188B (PAM-08),Empty-Split,PCA4,0.6964279135195188,False,0.8765381921454702
MB188B (PAM-08),Empty-Split,PCA5,0.5099324627560291,False,0.7663809208152171
MB188B (PAM-08),Empty-Split,PCA6,0.15128661044705782,False,0.49739063665813377
SS52244-GAL4 (P-F1N3 (target FSB)),Empty-Split,PCA1,0.5553413319204193,False,0.7894050411803228
SS52244-GAL4 (P-F1N3 (target FSB)),Empty-Split,PCA2,0.17612625701048024,False,0.5237168796308589
SS52244-GAL4 (P-F1N3 (target FSB)),Empty-Split,PCA3,0.6650175889957541,False,0.863147389192019
SS52244-GAL4 (P-F1N3 (target FSB)),Empty-Split,PCA4,0.29253574631455825,False,0.6297967021099575
SS52244-GAL4 (P-F1N3 (target FSB)),Empty-Split,PCA5,0.7644297655914691,False,0.9072854275509088
SS52244-GAL4 (P-F1N3 (target FSB)),Empty-Split,PCA6,0.18333368031795932,False,0.5300252162218969
MB113C (OA-VPM4),Empty-Split,PCA1,0.12959777757170843,False,0.486056634702053
MB113C (OA-VPM4),Empty-Split,PCA2,0.40351581395223557,False,0.7059537984446269
MB113C (OA-VPM4),Empty-Split,PCA3,0.2667017494232349,False,0.6085385576304282
MB113C (OA-VPM4),Empty-Split,PCA4,0.6497126574006116,False,0.8514909173541508
MB113C (OA-VPM4),Empty-Split,PCA5,0.9433015726567879,False,0.9905910974073922
MB113C (OA-VPM4),Empty-Split,PCA6,0.1731081832185979,False,0.5237168796308589
MB320C (PPL1-01),Empty-Split,PCA1,0.1846653091885454,False,0.5307459102502755
MB320C (PPL1-01),Empty-Split,PCA2,0.9509498958016682,False,0.9908509246380994
MB320C (PPL1-01),Empty-Split,PCA3,0.07801758452308212,False,0.41191126041171733
MB320C (PPL1-01),Empty-Split,PCA4,0.03106181679075671,False,0.29909523587228637
MB320C (PPL1-01),Empty-Split,PCA5,0.3754799484954011,False,0.6918565717646743
MB320C (PPL1-01),Empty-Split,PCA6,0.11589991428591746,False,0.4690999920589337
MB194B (PAM-09),Empty-Split,PCA1,0.9333320589047202,False,0.9831628533738144
MB194B (PAM-09),Empty-Split,PCA2,0.7763296786213483,False,0.9125139761409194
MB194B (PAM-09),Empty-Split,PCA3,0.20637965884522622,False,0.5525051853390137
MB194B (PAM-09),Empty-Split,PCA4,0.02097734416828616,False,0.2752411971091613
MB194B (PAM-09),Empty-Split,PCA5,0.18578983313917316,False,0.5319737668301505
MB194B (PAM-09),Empty-Split,PCA6,0.07471380889237716,False,0.4031182742235311
MB109B (PAM-02),Empty-Split,PCA1,0.2938187807297572,False,0.6297967021099575
MB109B (PAM-02),Empty-Split,PCA2,0.35863777107155015,False,0.6754220714646196
MB109B (PAM-02),Empty-Split,PCA3,0.9870780361363585,False,0.9976236063166368
MB109B (PAM-02),Empty-Split,PCA4,0.8267944422638405,False,0.9338849416144798
MB109B (PAM-02),Empty-Split,PCA5,0.6165522295121917,False,0.8330373442511555
MB109B (PAM-02),Empty-Split,PCA6,0.5075648074654361,False,0.76596339121338
SS54549 (P-F3-5R patch line),Empty-Split,PCA1,0.10265360990448673,False,0.45193143504058964
SS54549 (P-F3-5R patch line),Empty-Split,PCA2,0.33441778940030364,False,0.6451716281495761
SS54549 (P-F3-5R patch line),Empty-Split,PCA3,0.9841202550673145,False,0.9976236063166368
SS54549 (P-F3-5R patch line),Empty-Split,PCA4,0.19342319385504259,False,0.54076547942778
SS54549 (P-F3-5R patch line),Empty-Split,PCA5,0.06316967445616156,False,0.38100120602801113
SS54549 (P-F3-5R patch line),Empty-Split,PCA6,0.06446117665950893,False,0.38100120602801113
MB213B (PAM-04),Empty-Split,PCA1,0.3592068805527918,False,0.6754220714646196
MB213B (PAM-04),Empty-Split,PCA2,0.09105546098985508,False,0.4271257061149049
MB213B (PAM-04),Empty-Split,PCA3,0.6650716901647048,False,0.863147389192019
MB213B (PAM-04),Empty-Split,PCA4,0.5394276199138455,False,0.7861889583025179
MB213B (PAM-04),Empty-Split,PCA5,0.1787332679703386,False,0.5269321529792204
MB213B (PAM-04),Empty-Split,PCA6,0.37889874315178473,False,0.6949387086378356
MB065B (PPL1-06),Empty-Split,PCA1,0.38664572844930656,False,0.7013622867972678
MB065B (PPL1-06),Empty-Split,PCA2,0.4992229830422312,False,0.7613048154836716
MB065B (PPL1-06),Empty-Split,PCA3,0.49361770657823645,False,0.7585322286414599
MB065B (PPL1-06),Empty-Split,PCA4,0.1740324401942317,False,0.5237168796308589
MB065B (PPL1-06),Empty-Split,PCA5,0.10957666772385298,False,0.46395227397971794
MB065B (PPL1-06),Empty-Split,PCA6,0.6477002682334729,False,0.8509696675967537
MB032B (PAM-06),Empty-Split,PCA1,0.5976787138565622,False,0.8206912130831779
MB032B (PAM-06),Empty-Split,PCA2,0.14377866143498697,False,0.4953553818816829
MB032B (PAM-06),Empty-Split,PCA3,0.8426201678875329,False,0.9385153735613007
MB032B (PAM-06),Empty-Split,PCA4,0.12357360952378713,False,0.48376029433246504
MB032B (PAM-06),Empty-Split,PCA5,0.891113037771706,False,0.9630804977130452
MB032B (PAM-06),Empty-Split,PCA6,0.2562733289771389,False,0.6070065715639349
MB441B (PAM-12),Empty-Split,PCA1,0.44176005544739216,False,0.727194797401367
MB441B (PAM-12),Empty-Split,PCA2,0.45847791283304595,False,0.7302290362136932
MB441B (PAM-12),Empty-Split,PCA3,0.7013196963428199,False,0.87959634184173
MB441B (PAM-12),Empty-Split,PCA4,0.27929279955881703,False,0.6198431276454043
MB441B (PAM-12),Empty-Split,PCA5,0.4569837374496364,False,0.7302290362136932
MB441B (PAM-12),Empty-Split,PCA6,0.639063161076362,False,0.8459439183205945
50742 (MB247-GAL4),Empty-Gal4,PCA1,0.2243012283963844,False,0.5747117311272166
50742 (MB247-GAL4),Empty-Gal4,PCA2,0.25434857822150747,False,0.6061720606716167
50742 (MB247-GAL4),Empty-Gal4,PCA3,0.028470933774929975,False,0.29909523587228637
50742 (MB247-GAL4),Empty-Gal4,PCA4,0.5270625619300159,False,0.7794902545789482
50742 (MB247-GAL4),Empty-Gal4,PCA5,0.47258790949520446,False,0.7444194774898075
50742 (MB247-GAL4),Empty-Gal4,PCA6,0.18239294332169767,False,0.5291902958863904
51973 (Tk-GAL4 2Ma),Empty-Gal4,PCA1,0.4764580683544667,False,0.745597553886282
51973 (Tk-GAL4 2Ma),Empty-Gal4,PCA2,0.08309477618485536,False,0.41630003844929453
51973 (Tk-GAL4 2Ma),Empty-Gal4,PCA3,0.5417352311067689,False,0.7861889583025179
51973 (Tk-GAL4 2Ma),Empty-Gal4,PCA4,0.3638577457308261,False,0.680931171343189
51973 (Tk-GAL4 2Ma),Empty-Gal4,PCA5,0.46031388293411146,False,0.7302290362136932
51973 (Tk-GAL4 2Ma),Empty-Gal4,PCA6,0.507616773622245,False,0.76596339121338
51970 (Capa-GAL4 5F),Empty-Gal4,PCA1,0.21899486339961127,False,0.5709167399544451
51970 (Capa-GAL4 5F),Empty-Gal4,PCA2,0.7894951531259063,False,0.9178556793001493
51970 (Capa-GAL4 5F),Empty-Gal4,PCA3,0.10070074412228627,False,0.44773265080776575
51970 (Capa-GAL4 5F),Empty-Gal4,PCA4,0.01201796052500629,False,0.20812596951264642
51970 (Capa-GAL4 5F),Empty-Gal4,PCA5,0.006147201103294352,False,0.1533976117941734
51970 (Capa-GAL4 5F),Empty-Gal4,PCA6,0.9972389550551461,False,0.9976236063166368
86695 (LH1284),Empty-Split,PCA1,0.5466348940917138,False,0.7883498410228422
86695 (LH1284),Empty-Split,PCA2,0.07831143728095463,False,0.41191126041171733
86695 (LH1284),Empty-Split,PCA3,0.47393209205007547,False,0.7448922345910077
86695 (LH1284),Empty-Split,PCA4,0.3130172635731758,False,0.6398307402983558
86695 (LH1284),Empty-Split,PCA5,0.2076221801407634,False,0.5533501854644454
86695 (LH1284),Empty-Split,PCA6,0.06889232828104074,False,0.38618516416696075
SS47432 (LNa imaging line),Empty-Split,PCA1,0.5110125068979787,False,0.7663809208152171
SS47432 (LNa imaging line),Empty-Split,PCA2,0.019277051653216703,False,0.2586157266734915
SS47432 (LNa imaging line),Empty-Split,PCA3,0.2556787926529513,False,0.6070065715639349
SS47432 (LNa imaging line),Empty-Split,PCA4,0.7775490905839142,False,0.9128747435173978
SS47432 (LNa imaging line),Empty-Split,PCA5,0.863547502517603,False,0.9511768616291679
SS47432 (LNa imaging line),Empty-Split,PCA6,0.7764775542371642,False,0.9125139761409194
R70G12 (E-PG),Empty-Split,PCA1,0.5553603304786191,False,0.7894050411803228
R70G12 (E-PG),Empty-Split,PCA2,0.34608594347558996,False,0.6611625864157671
R70G12 (E-PG),Empty-Split,PCA3,0.21953193022407924,False,0.5710699884260362
R70G12 (E-PG),Empty-Split,PCA4,0.3121743311879055,False,0.6398307402983558
R70G12 (E-PG),Empty-Split,PCA5,0.7217372818232337,False,0.8867507634347875
R70G12 (E-PG),Empty-Split,PCA6,0.3671456512784501,False,0.6827430492450863
51980 (Burs-GAL4 4M),Empty-Gal4,PCA1,0.1763267886194349,False,0.5237168796308589
51980 (Burs-GAL4 4M),Empty-Gal4,PCA2,0.33029649058786525,False,0.6441907038947055
51980 (Burs-GAL4 4M),Empty-Gal4,PCA3,0.030384695106596197,False,0.29909523587228637
51980 (Burs-GAL4 4M),Empty-Gal4,PCA4,0.0008427614803536688,False,0.06561121251935735
51980 (Burs-GAL4 4M),Empty-Gal4,PCA5,0.011550282439056118,False,0.20812596951264642
51980 (Burs-GAL4 4M),Empty-Gal4,PCA6,0.4031187005065169,False,0.7059537984446269
51975 (Tk-GAL4 5Fa),Empty-Gal4,PCA1,0.7535249394269662,False,0.9003523518586344
51975 (Tk-GAL4 5Fa),Empty-Gal4,PCA2,0.506408419146074,False,0.76596339121338
51975 (Tk-GAL4 5Fa),Empty-Gal4,PCA3,0.05174190186306862,False,0.361285560377216
51975 (Tk-GAL4 5Fa),Empty-Gal4,PCA4,0.1497682519759527,False,0.4953553818816829
51975 (Tk-GAL4 5Fa),Empty-Gal4,PCA5,0.5088344410862613,False,0.7661391206267288
51975 (Tk-GAL4 5Fa),Empty-Gal4,PCA6,0.25615252748660433,False,0.6070065715639349
51977 (Crz-GAL4 4M),Empty-Gal4,PCA1,0.728629310551558,False,0.8881748413372388
51977 (Crz-GAL4 4M),Empty-Gal4,PCA2,0.10059994604254921,False,0.44773265080776575
51977 (Crz-GAL4 4M),Empty-Gal4,PCA3,0.27250899172425913,False,0.6116085265390327
51977 (Crz-GAL4 4M),Empty-Gal4,PCA4,0.07191040750058145,False,0.3938579199802488
51977 (Crz-GAL4 4M),Empty-Gal4,PCA5,0.43771906857818854,False,0.727194797401367
51977 (Crz-GAL4 4M),Empty-Gal4,PCA6,0.5319499626913369,False,0.780280412104983
51976 (Crz-GAL4 3M),Empty-Gal4,PCA1,0.44586165171783587,False,0.727194797401367
51976 (Crz-GAL4 3M),Empty-Gal4,PCA2,0.028886535862305426,False,0.29909523587228637
51976 (Crz-GAL4 3M),Empty-Gal4,PCA3,0.30842743712798304,False,0.6398307402983558
51976 (Crz-GAL4 3M),Empty-Gal4,PCA4,0.015726993138687282,False,0.240743971892213
51976 (Crz-GAL4 3M),Empty-Gal4,PCA5,0.3243577441498722,False,0.6398307402983558
51976 (Crz-GAL4 3M),Empty-Gal4,PCA6,0.7568986418240008,False,0.9003523518586344
51978 (AstA-GAL4 3M),Empty-Gal4,PCA1,0.9263916175154805,False,0.9811001263200986
51978 (AstA-GAL4 3M),Empty-Gal4,PCA2,0.8681382763903105,False,0.9518430688797344
51978 (AstA-GAL4 3M),Empty-Gal4,PCA3,0.3896089600071858,False,0.7013622867972678
51978 (AstA-GAL4 3M),Empty-Gal4,PCA4,0.47413576071119423,False,0.7448922345910077
51978 (AstA-GAL4 3M),Empty-Gal4,PCA5,0.546938240994377,False,0.7883498410228422
51978 (AstA-GAL4 3M),Empty-Gal4,PCA6,0.12939699039111852,False,0.486056634702053
51979 (AstA-GAL4 5),Empty-Gal4,PCA1,0.7984916261766946,False,0.9178556793001493
51979 (AstA-GAL4 5),Empty-Gal4,PCA2,0.03691135148748982,False,0.3264603976004655
51979 (AstA-GAL4 5),Empty-Gal4,PCA3,0.08158753667365687,False,0.41630003844929453
51979 (AstA-GAL4 5),Empty-Gal4,PCA4,0.005395516830153091,False,0.149819699888437
51979 (AstA-GAL4 5),Empty-Gal4,PCA5,0.2137127547022724,False,0.5632958700099631
51979 (AstA-GAL4 5),Empty-Gal4,PCA6,0.5080762192973174,False,0.76596339121338
51974 (Tk-GAL4 3Ma),Empty-Gal4,PCA1,0.5158234148820502,False,0.7698664467114599
51974 (Tk-GAL4 3Ma),Empty-Gal4,PCA2,0.7176058552487089,False,0.88433599144344
51974 (Tk-GAL4 3Ma),Empty-Gal4,PCA3,0.16596902924719995,False,0.517407365329391
51974 (Tk-GAL4 3Ma),Empty-Gal4,PCA4,0.3972103211985646,False,0.7047089502393553
51974 (Tk-GAL4 3Ma),Empty-Gal4,PCA5,0.40487594792623094,False,0.7059537984446269
51974 (Tk-GAL4 3Ma),Empty-Gal4,PCA6,0.016721252517023735,False,0.24226558502780177
SS52577-gal4 (PBG2‐9.s‐FBℓ3.b‐NO2V.b (PB)),Empty-Split,PCA1,0.9283407493916414,False,0.9811001263200986
SS52577-gal4 (PBG2‐9.s‐FBℓ3.b‐NO2V.b (PB)),Empty-Split,PCA2,0.08280705619726048,False,0.41630003844929453
SS52577-gal4 (PBG2‐9.s‐FBℓ3.b‐NO2V.b (PB)),Empty-Split,PCA3,0.11097432892271959,False,0.46640703667251604
SS52577-gal4 (PBG2‐9.s‐FBℓ3.b‐NO2V.b (PB)),Empty-Split,PCA4,0.08245545109962049,False,0.41630003844929453
SS52577-gal4 (PBG2‐9.s‐FBℓ3.b‐NO2V.b (PB)),Empty-Split,PCA5,0.05969777235707344,False,0.3710889185977008
SS52577-gal4 (PBG2‐9.s‐FBℓ3.b‐NO2V.b (PB)),Empty-Split,PCA6,0.332121606859053,False,0.6442790743884423
86652 (LH2033),Empty-Split,PCA1,0.3835716263668266,False,0.6981471370152302
86652 (LH2033),Empty-Split,PCA2,0.18491649804364707,False,0.5307459102502755
86652 (LH2033),Empty-Split,PCA3,0.6031283256171412,False,0.8239533418614035
86652 (LH2033),Empty-Split,PCA4,0.9574330985228461,False,0.9930964162549378
86652 (LH2033),Empty-Split,PCA5,0.6202021930307249,False,0.8346975910059979
86652 (LH2033),Empty-Split,PCA6,0.7059619483849489,False,0.8815625285647539
41731 (IR8a-GAL4),Empty-Gal4,PCA1,0.7880487602421874,False,0.9178556793001493
41731 (IR8a-GAL4),Empty-Gal4,PCA2,0.03437088544425678,False,0.3156833632341738
41731 (IR8a-GAL4),Empty-Gal4,PCA3,0.23688457483606198,False,0.5845287404614018
41731 (IR8a-GAL4),Empty-Gal4,PCA4,0.5168697782459444,False,0.7704650627036924
41731 (IR8a-GAL4),Empty-Gal4,PCA5,0.8334042028580957,False,0.9347376375470017
41731 (IR8a-GAL4),Empty-Gal4,PCA6,0.6387716741867635,False,0.8459439183205945
86639 (LH1990),Empty-Split,PCA1,0.05786149328599966,False,0.3710889185977008
86639 (LH1990),Empty-Split,PCA2,0.1813858032554084,False,0.5291902958863904
86639 (LH1990),Empty-Split,PCA3,0.15874225731909059,False,0.5080705012821845
86639 (LH1990),Empty-Split,PCA4,0.5722672574057026,False,0.8019801705896819
86639 (LH1990),Empty-Split,PCA5,0.7494010346451693,False,0.8999757748918752
86639 (LH1990),Empty-Split,PCA6,0.18487629615129095,False,0.5307459102502755
34497 (MZ19-GAL4),Empty-Gal4,PCA1,0.07031383427069243,False,0.3904870610195663
34497 (MZ19-GAL4),Empty-Gal4,PCA2,0.07739868959693824,False,0.41072904612775224
34497 (MZ19-GAL4),Empty-Gal4,PCA3,0.4262270251677398,False,0.7198232928575408
34497 (MZ19-GAL4),Empty-Gal4,PCA4,0.08981724306340012,False,0.4255626516575387
34497 (MZ19-GAL4),Empty-Gal4,PCA5,0.861635629411706,False,0.949947314420662
34497 (MZ19-GAL4),Empty-Gal4,PCA6,0.7563926778928093,False,0.9003523518586344
41737 (IR25a mutant),TNTxPR,PCA1,0.5952175525466106,False,0.8206912130831779
41737 (IR25a mutant),TNTxPR,PCA2,0.8920996905114137,False,0.9630804977130452
41737 (IR25a mutant),TNTxPR,PCA3,0.2668470323427289,False,0.6085385576304282
41737 (IR25a mutant),TNTxPR,PCA4,0.5370197538896038,False,0.7857862575296408
41737 (IR25a mutant),TNTxPR,PCA5,0.9621204847181061,False,0.9930964162549378
41737 (IR25a mutant),TNTxPR,PCA6,0.9801557264547014,False,0.9973399900540258
41728 (IR25a-GAL4),Empty-Gal4,PCA1,0.01772182460345523,False,0.24893951266500644
41728 (IR25a-GAL4),Empty-Gal4,PCA2,0.11469013311033353,False,0.4690999920589337
41728 (IR25a-GAL4),Empty-Gal4,PCA3,0.02373176343674843,False,0.2861950642089506
41728 (IR25a-GAL4),Empty-Gal4,PCA4,0.7587458435438297,False,0.9014353603893857
41728 (IR25a-GAL4),Empty-Gal4,PCA5,0.03210974300055324,False,0.2995236964270357
41728 (IR25a-GAL4),Empty-Gal4,PCA6,0.43974810694329325,False,0.727194797401367
30026 (GH146-GAL4),Empty-Gal4,PCA1,0.738784842170157,False,0.892465204409537
30026 (GH146-GAL4),Empty-Gal4,PCA2,0.1082824968640691,False,0.4617475044846375
30026 (GH146-GAL4),Empty-Gal4,PCA3,0.9663327115834539,False,0.9930964162549378
30026 (GH146-GAL4),Empty-Gal4,PCA4,0.05236155087666112,False,0.36335848041912383
30026 (GH146-GAL4),Empty-Gal4,PCA5,0.6326800501057552,False,0.8421627422812394
30026 (GH146-GAL4),Empty-Gal4,PCA6,0.0005632941821458477,False,0.060232337781284485
86637 (LH2220),Empty-Split,PCA1,0.9471327769712946,False,0.9907198949237069
86637 (LH2220),Empty-Split,PCA2,0.18260167663751498,False,0.5291902958863904
86637 (LH2220),Empty-Split,PCA3,0.09340367192411346,False,0.4356405635835604
86637 (LH2220),Empty-Split,PCA4,0.1810398493599427,False,0.5291902958863904
86637 (LH2220),Empty-Split,PCA5,0.01684090750193262,False,0.24226558502780177
86637 (LH2220),Empty-Split,PCA6,0.41755083432425144,False,0.7142631750475017
86630 (LH2385),Empty-Split,PCA1,0.030957176692121464,False,0.29909523587228637
86630 (LH2385),Empty-Split,PCA2,0.8950652649767117,False,0.9648106969859019
86630 (LH2385),Empty-Split,PCA3,0.6927734443085738,False,0.8763359483439065
86630 (LH2385),Empty-Split,PCA4,0.5038293748230935,False,0.7643866245727747
86630 (LH2385),Empty-Split,PCA5,0.3588379420352915,False,0.6754220714646196
86630 (LH2385),Empty-Split,PCA6,0.9043776109678153,False,0.9699375268816995
86634 (LH2193),Empty-Split,PCA1,0.44603926334236543,False,0.727194797401367
86634 (LH2193),Empty-Split,PCA2,0.4013784358509858,False,0.7059537984446269
86634 (LH2193),Empty-Split,PCA3,0.17169525929669677,False,0.5237168796308589
86634 (LH2193),Empty-Split,PCA4,0.24584445907845154,False,0.5978376459056439
86634 (LH2193),Empty-Split,PCA5,0.6997951032426811,False,0.878607101232136
86634 (LH2193),Empty-Split,PCA6,0.2673276826680921,False,0.6085385576304282
86636 (LH2087),Empty-Split,PCA1,0.25860677524514386,False,0.6070065715639349
86636 (LH2087),Empty-Split,PCA2,0.21647232415556797,False,0.5668156908810267
86636 (LH2087),Empty-Split,PCA3,0.3188417449891633,False,0.6398307402983558
86636 (LH2087),Empty-Split,PCA4,0.29657291294711874,False,0.6300855125602487
86636 (LH2087),Empty-Split,PCA5,0.6015233895739921,False,0.8236455586598012
86636 (LH2087),Empty-Split,PCA6,0.719586704352823,False,0.8857593041208975
86632 (LH2392),Empty-Split,PCA1,0.1948230468842493,False,0.5409737627437062
86632 (LH2392),Empty-Split,PCA2,0.0019804859199342435,False,0.09799323089593928
86632 (LH2392),Empty-Split,PCA3,0.08329740087796293,False,0.41630003844929453
86632 (LH2392),Empty-Split,PCA4,0.13859881390178297,False,0.49130635925004734
86632 (LH2392),Empty-Split,PCA5,0.008346725595363293,False,0.17484193615550478
86632 (LH2392),Empty-Split,PCA6,0.9772726833903764,False,0.9964676208096579
86678 (LH1112),Empty-Split,PCA1,0.7888923850425645,False,0.9178556793001493
86678 (LH1112),Empty-Split,PCA2,0.4019468777394424,False,0.7059537984446269
86678 (LH1112),Empty-Split,PCA3,0.5461148966899271,False,0.7883498410228422
86678 (LH1112),Empty-Split,PCA4,0.731946642805871,False,0.8883908116934272
86678 (LH1112),Empty-Split,PCA5,0.3693861053733539,False,0.6848556053040132
86678 (LH1112),Empty-Split,PCA6,0.585227896366571,False,0.8134599630520207
86681 (LH141),Empty-Split,PCA1,0.07122312545662109,False,0.3918912985954174
86681 (LH141),Empty-Split,PCA2,0.0638011563586526,False,0.38100120602801113
86681 (LH141),Empty-Split,PCA3,0.12986866243109174,False,0.486056634702053
86681 (LH141),Empty-Split,PCA4,0.24235593154058557,False,0.5917647898966445
86681 (LH141),Empty-Split,PCA5,0.967981900057274,False,0.9930964162549378
86681 (LH141),Empty-Split,PCA6,0.7321411714458395,False,0.8883908116934272
86680 (LH788),Empty-Split,PCA1,0.04183734318320416,False,0.3527072212068015
86680 (LH788),Empty-Split,PCA2,0.6871573384974111,False,0.8763359483439065
86680 (LH788),Empty-Split,PCA3,0.38831319179707163,False,0.7013622867972678
86680 (LH788),Empty-Split,PCA4,0.2041590911991529,False,0.5502554808806273
86680 (LH788),Empty-Split,PCA5,0.16445117944343599,False,0.5167229164617435
86680 (LH788),Empty-Split,PCA6,0.9211805073150625,False,0.9785494001193813
86657 (LH629),Empty-Split,PCA1,0.5388330390856619,False,0.7861889583025179
86657 (LH629),Empty-Split,PCA2,0.04225260069246367,False,0.3527072212068015
86657 (LH629),Empty-Split,PCA3,0.44947216120788014,False,0.727194797401367
86657 (LH629),Empty-Split,PCA4,0.3122010337112029,False,0.6398307402983558
86657 (LH629),Empty-Split,PCA5,0.7935565718589073,False,0.9178556793001493
86657 (LH629),Empty-Split,PCA6,0.40842839162662925,False,0.7059537984446269
86676 (LH191),Empty-Split,PCA1,0.1581157819956277,False,0.5075006551149985
86676 (LH191),Empty-Split,PCA2,0.29896628467685954,False,0.6317977768215404
86676 (LH191),Empty-Split,PCA3,0.6919793099429339,False,0.8763359483439065
86676 (LH191),Empty-Split,PCA4,0.10643450545587395,False,0.4588958092439482
86676 (LH191),Empty-Split,PCA5,0.7990082224505589,False,0.9178556793001493
86676 (LH191),Empty-Split,PCA6,0.33919954096521043,False,0.6490452755007391
