Nickname,Control,MannWhitney_any_dim_significant,MannWhitney_significant_dims,MannWhitney_corrected_pvals,MannWhitney_raw_pvals,MannWhitney_dims_tested,Permutation_stat,Permutation_pval,Mahalanobis_stat,Mahalanobis_pval,Permutation_FDR_significant,Permutation_FDR_pval,Mahalanobis_FDR_significant,Mahalanobis_FDR_pval
KC-α/βc-GaL4,Empty-Split,False,[],"[0.6026898520282838, 0.1308124573433367, 0.6026898520282838, 0.1550457184932489, 0.9369558676699575, 0.9369558676699575]","[0.4017932346855225, 0.02180207622388945, 0.4017932346855225, 0.0516819061644163, 0.9369558676699575, 0.9369558676699575]","['PCA1', 'PCA2', 'PCA3', 'PCA4', 'PCA5', 'PCA6']",2.6293795527171966,0.04695304695304695,1.243458662557757,0.007992007992007992,False,0.28314110132291953,False,0.061169599631138084
72D07-GAL4,Empty-Gal4,False,[],"[0.6464067390155086, 0.4963373876134014, 0.6464067390155086, 0.15427713400249982, 0.4963373876134014, 0.6464067390155086]","[0.6464067390155086, 0.2481686938067007, 0.6464067390155086, 0.0257128556670833, 0.22319125752825608, 0.45717472658891667]","['PCA1', 'PCA2', 'PCA3', 'PCA4', 'PCA5', 'PCA6']",1.2849157114121945,0.6793206793206793,0.9530072400634222,0.15484515484515485,False,0.7552224312000848,False,0.3462268069009642
KC-γmain-GaL4,Empty-Split,False,[],"[0.8031493519417069, 0.8370636154898536, 0.6857620898833751, 0.6857620898833751, 0.6857620898833751, 0.6857620898833751]","[0.6692911266180891, 0.8370636154898536, 0.45717472658891667, 0.3345561838743112, 0.22319125752825608, 0.43825357196871007]","['PCA1', 'PCA2', 'PCA3', 'PCA4', 'PCA5', 'PCA6']",1.76113163903765,0.23376623376623376,0.7621821107473664,0.5594405594405595,False,0.4560733384262796,False,0.6626706626706628
LC26,Empty-Split,False,[],"[0.07646967161201748, 0.07646967161201748, 0.43378985587303676, 0.07646967161201748, 0.9873785512460885, 0.9873785512460885]","[0.03823483580600874, 0.03271158352982045, 0.28919323724869117, 0.02180207622388945, 0.886784835609217, 0.9873785512460885]","['PCA1', 'PCA2', 'PCA3', 'PCA4', 'PCA5', 'PCA6']",1.6403332392373158,0.4245754245754246,0.9594433433113171,0.2137862137862138,False,0.6212537462537463,False,0.3770367563471012
20G07-GAL4,Empty-Gal4,False,[],"[0.7344324040450105, 0.7344324040450105, 0.21228801159979876, 0.7445383571918807, 0.9621482836066155, 0.9621482836066155]","[0.36721620202250527, 0.36721620202250527, 0.035381335266633125, 0.4963589047945871, 0.9621482836066155, 0.9369558676699575]","['PCA1', 'PCA2', 'PCA3', 'PCA4', 'PCA5', 'PCA6']",1.3522170173184112,0.4915084915084915,0.9643178076055885,0.1938061938061938,False,0.6745530331737228,False,0.3765753477291938
44H11-GAL4,Empty-Gal4,True,['PCA5'],"[0.8031493519417069, 0.25310286428338324, 0.1283799423545613, 0.812432208131742, 0.02275444877887581, 0.1283799423545613]","[0.6692911266180891, 0.16873524285558883, 0.06418997117728065, 0.812432208131742, 0.003792408129812635, 0.05976860866093005]","['PCA1', 'PCA2', 'PCA3', 'PCA4', 'PCA5', 'PCA6']",3.009891063933795,0.06893106893106893,1.3657155814910331,0.004995004995004995,False,0.37073737073737073,True,0.047333618762190194
KC-γd-GaL4,Empty-Split,False,[],"[0.9164939141562914, 0.7445060814201021, 0.8375048062622675, 0.8375048062622675, 0.9873785512460885, 0.7445060814201021]","[0.7637449284635762, 0.2481686938067007, 0.4963589047945871, 0.5583365375081784, 0.9873785512460885, 0.14123841781192514]","['PCA1', 'PCA2', 'PCA3', 'PCA4', 'PCA5', 'PCA6']",0.5278548119136485,0.8801198801198801,0.8085287143259245,0.46253746253746253,False,0.8981736212505442,False,0.5825630066136395
MBON-11-GaL4 (MBON-γ1pedc>α/β),Empty-Split,False,[],"[0.3619915912739052, 0.24941596557245493, 0.24941596557245493, 0.24970097013439357, 0.8819307212779461, 0.8819307212779461]","[0.24132772751593679, 0.04237662250330112, 0.08313865519081831, 0.12485048506719679, 0.8819307212779461, 0.753865329868274]","['PCA1', 'PCA2', 'PCA3', 'PCA4', 'PCA5', 'PCA6']",3.441487415762693,0.12387612387612387,0.9553848844799046,0.22777222777222778,False,0.4560733384262796,False,0.38412435022604513
LPLC2,Empty-Split,False,[],"[0.7637449284635762, 0.7637449284635762, 0.7637449284635762, 0.7637449284635762, 0.7637449284635762, 0.7637449284635762]","[0.7637449284635762, 0.7159745798891979, 0.26136517590616637, 0.35064512183188634, 0.692486835516168, 0.537265926636113]","['PCA1', 'PCA2', 'PCA3', 'PCA4', 'PCA5', 'PCA6']",1.6769150089292362,0.28471528471528473,1.041570917306106,0.12187812187812187,False,0.497002997002997,False,0.29221381028609944
R12B01-gal4 (R4d - distal (EB)),Empty-Gal4,False,[],"[0.6559104900442466, 0.6559104900442466, 0.18379133158822733, 0.6559104900442466, 0.6559104900442466, 0.6559104900442466]","[0.22832704879820187, 0.5860416230076372, 0.030631888598037886, 0.45771743442744617, 0.39999766066623765, 0.6559104900442466]","['PCA1', 'PCA2', 'PCA3', 'PCA4', 'PCA5', 'PCA6']",2.121300495706395,0.17082917082917082,1.2685888031683024,0.012987012987012988,False,0.4560733384262796,False,0.08614718614718617
SS02255-GAL4 (P-F2N3 (target FSB)),Empty-Split,False,[],"[0.19256991353184194, 0.07136501900044703, 0.7344324040450105, 0.9873785512460885, 0.7749038733555652, 0.7756880868186102]","[0.06418997117728065, 0.011894169833407837, 0.36721620202250527, 0.9873785512460885, 0.5166025822370435, 0.6464067390155086]","['PCA1', 'PCA2', 'PCA3', 'PCA4', 'PCA5', 'PCA6']",0.6828672628603051,0.7802197802197802,0.9811082902738864,0.16983016983016982,False,0.8258709375730653,False,0.3595340829383383
R78A01 (ExR1 (EB)),Empty-Gal4,True,"['PCA2', 'PCA4']","[0.08906343148607676, 0.03260469092145759, 0.08965291299139508, 0.018565929588066823, 0.159458383944582, 0.537265926636113]","[0.04453171574303838, 0.010868230307152529, 0.05976860866093005, 0.003094321598011137, 0.132881986620485, 0.537265926636113]","['PCA1', 'PCA2', 'PCA3', 'PCA4', 'PCA5', 'PCA6']",1.8828816863878786,0.001998001998001998,1.370969453255968,0.002997002997002997,True,0.045877199723353565,True,0.037275224775224776
SS02239-gal4 (P-F3LC patch line),Empty-Split,True,['PCA4'],"[0.525904286362452, 0.1550457184932489, 0.6692911266180891, 0.04504371048703422, 0.525904286362452, 0.525904286362452]","[0.43825357196871007, 0.0516819061644163, 0.6692911266180891, 0.00750728508117237, 0.2750389932009092, 0.43825357196871007]","['PCA1', 'PCA2', 'PCA3', 'PCA4', 'PCA5', 'PCA6']",1.5447609723986981,0.5764235764235764,1.1782061216047082,0.024975024975024976,False,0.7169268231768232,False,0.13079026236920974
R59B10-gal4 (R4m - medial (EB)),Empty-Gal4,True,"['PCA1', 'PCA4', 'PCA5']","[0.0010664990843092363, 0.13147893613896836, 0.24947621759533167, 0.009846375524168978, 0.0010664990843092363, 0.26213613012248116]","[0.00035549969476974543, 0.08765262409264556, 0.20789684799610975, 0.004923187762084489, 0.00023822316626317318, 0.26213613012248116]","['PCA1', 'PCA2', 'PCA3', 'PCA4', 'PCA5', 'PCA6']",4.3147085595578645,0.002997002997002997,1.362786640073051,0.003996003996003996,True,0.045877199723353565,True,0.04185288395814712
SS00078-gal4 (PBG2‐9.s‐FBℓ3.b‐NO2D.b (PB)),Empty-Split,True,"['PCA1', 'PCA3', 'PCA4']","[0.033814890195275595, 0.3827411848341695, 0.005673551411689469, 0.024738334791895984, 0.09628495676592097, 0.7637449284635762]","[0.016907445097637797, 0.31895098736180794, 0.0009455919019482447, 0.00824611159729866, 0.06418997117728065, 0.7637449284635762]","['PCA1', 'PCA2', 'PCA3', 'PCA4', 'PCA5', 'PCA6']",2.3445001601181703,0.22977022977022976,1.2899958142154808,0.01098901098901099,False,0.4560733384262796,False,0.07810047095761383
R19G02 (E-PG),Empty-Split,False,[],"[0.7159745798891979, 0.7012902436637727, 0.7159745798891979, 0.7159745798891979, 0.7012902436637727, 0.7012902436637727]","[0.5798009470581065, 0.35064512183188634, 0.6016446404961844, 0.7159745798891979, 0.31895098736180794, 0.22319125752825608]","['PCA1', 'PCA2', 'PCA3', 'PCA4', 'PCA5', 'PCA6']",2.170238339905017,0.19080919080919082,0.9730455539322036,0.1968031968031968,False,0.4560733384262796,False,0.3765753477291938
R80C07-gal4 (ER3d (EB)),Empty-Gal4,True,"['PCA3', 'PCA5', 'PCA6']","[0.07199253476457765, 0.10323093020037072, 0.023788339666815674, 0.10158363971877923, 0.015330017962242171, 0.008846287922912154]","[0.04799502317638509, 0.10323093020037072, 0.011894169833407837, 0.0846530330989827, 0.005110005987414057, 0.001474381320485359]","['PCA1', 'PCA2', 'PCA3', 'PCA4', 'PCA5', 'PCA6']",2.860575434754548,0.03296703296703297,1.55316092244929,0.000999000999000999,False,0.21162708259482452,True,0.033133533133533136
51987 (Dh44-GAL4 2M),Empty-Gal4,False,[],"[1.0, 0.8514905595741158, 0.28347339561031165, 0.28347339561031165, 0.3932908866413085, 0.939825580250381]","[1.0, 0.5676603730494105, 0.08643662246309795, 0.09449113187010387, 0.19664544332065426, 0.7831879835419842]","['PCA1', 'PCA2', 'PCA3', 'PCA4', 'PCA5', 'PCA6']",1.3415220663744454,0.17582417582417584,1.1621914465098935,0.09090909090909091,False,0.4560733384262796,False,0.24326988800673013
51981 (Dsk-GAL4 3M),Empty-Gal4,True,['PCA3'],"[0.6692911266180891, 0.6692911266180891, 0.04504371048703422, 0.6692911266180891, 0.6692911266180891, 0.6692911266180891]","[0.6692911266180891, 0.5166025822370435, 0.00750728508117237, 0.6464067390155086, 0.3038301300878443, 0.3842667981691905]","['PCA1', 'PCA2', 'PCA3', 'PCA4', 'PCA5', 'PCA6']",2.2126632006483278,0.16983016983016982,1.250304059199238,0.014985014985014986,False,0.4560733384262796,False,0.09318806193806194
51988 (Dh31-GAL4 2M),Empty-Gal4,True,['PCA3'],"[0.40908731422135114, 0.40908731422135114, 0.048893590958575976, 0.050293031877558236, 0.36653400625397486, 0.36653400625397486]","[0.38548510400194913, 0.40908731422135114, 0.00814893182642933, 0.01676434395918608, 0.19664544332065426, 0.24435600416931658]","['PCA1', 'PCA2', 'PCA3', 'PCA4', 'PCA5', 'PCA6']",1.744317406281568,0.025974025974025976,1.4509079687076751,0.003996003996003996,False,0.1988011988011988,True,0.04185288395814712
51983 (Mip-GAL4 1M),Empty-Gal4,True,['PCA5'],"[0.4848641211897319, 0.20627276430083258, 0.4848641211897319, 0.20627276430083258, 0.029250909576754386, 0.47972527099886897]","[0.40908731422135114, 0.07894592208173579, 0.4848641211897319, 0.10313638215041629, 0.004875151596125731, 0.3198168473325793]","['PCA1', 'PCA2', 'PCA3', 'PCA4', 'PCA5', 'PCA6']",8.503573069443261,0.002997002997002997,1.4536925853637224,0.002997002997002997,True,0.045877199723353565,True,0.037275224775224776
51986 (Ms-GAL4 6Ma),Empty-Gal4,False,[],"[0.46258212480233896, 0.1574963040097999, 0.3647346763663126, 0.2593098673892939, 0.4848641211897319, 0.46258212480233896]","[0.3627341405072215, 0.026249384001633312, 0.1823673381831563, 0.08643662246309795, 0.4848641211897319, 0.38548510400194913]","['PCA1', 'PCA2', 'PCA3', 'PCA4', 'PCA5', 'PCA6']",1.539446137466775,0.15484515484515485,1.3128369333247019,0.01898101898101898,False,0.4560733384262796,False,0.10492285492285491
51984 (Mip-GAL4 2M),Empty-Gal4,True,"['PCA4', 'PCA5']","[0.8031493519417069, 0.47089124973771534, 0.8031493519417069, 0.042620406651819515, 0.042620406651819515, 0.911826411753384]","[0.5583365375081784, 0.23544562486885767, 0.6692911266180891, 0.009049340514549248, 0.014206802217273171, 0.911826411753384]","['PCA1', 'PCA2', 'PCA3', 'PCA4', 'PCA5', 'PCA6']",1.650238954494068,0.005994005994005994,1.2589293870648144,0.007992007992007992,False,0.0701651289886584,False,0.061169599631138084
51985 (Ms-GAL4 1M),Empty-Gal4,False,[],"[0.21597610808857867, 0.6881910783196397, 0.22479817541308575, 0.21597610808857867, 0.8250732913526055, 0.9157145051522164]","[0.04434285151426155, 0.4587940522130931, 0.11239908770654287, 0.07199203602952622, 0.6875610761271713, 0.9157145051522164]","['PCA1', 'PCA2', 'PCA3', 'PCA4', 'PCA5', 'PCA6']",1.6009928282569335,0.11788211788211789,1.2780665501823536,0.028971028971028972,False,0.4560733384262796,False,0.1340752270984829
MBON-13-GaL4 (MBON-α′2),Empty-Split,False,[],"[0.5764001972537858, 0.5764001972537858, 0.5764001972537858, 0.911826411753384, 0.5764001972537858, 0.911826411753384]","[0.18918230992030094, 0.26136517590616637, 0.3842667981691905, 0.911826411753384, 0.3038301300878443, 0.812432208131742]","['PCA1', 'PCA2', 'PCA3', 'PCA4', 'PCA5', 'PCA6']",2.701753845781998,0.026973026973026972,1.0941045408078165,0.057942057942057944,False,0.1988011988011988,False,0.18597531500757306
MBON-14-GaL4 (MBON-α3),Empty-Split,False,[],"[0.4119588650980608, 0.08343778137207648, 0.6936003223548701, 0.25941058622559104, 0.4119588650980608, 0.4119588650980608]","[0.28217678894678655, 0.01390629689534608, 0.6936003223548701, 0.08647019540853033, 0.34329905424838403, 0.28217678894678655]","['PCA1', 'PCA2', 'PCA3', 'PCA4', 'PCA5', 'PCA6']",2.295893479907555,0.0979020979020979,0.9406943577451901,0.0989010989010989,False,0.4560733384262796,False,0.255601541315827
MBON-16-GaL4   MBON-17-Gal4 ,Empty-Split,False,[],"[0.6692911266180891, 0.43378985587303676, 0.3183108862923698, 0.6447191119633355, 0.3183108862923698, 0.3183108862923698]","[0.6692911266180891, 0.28919323724869117, 0.1591554431461849, 0.537265926636113, 0.12491355360268398, 0.132881986620485]","['PCA1', 'PCA2', 'PCA3', 'PCA4', 'PCA5', 'PCA6']",1.8218644339719026,0.22777222777222778,1.1344294943822972,0.03396603396603397,False,0.4560733384262796,False,0.14081751581751584
MBON-01-GaL4 (MBON-γ5β′2a),Empty-Split,False,[],"[0.768533596338381, 0.768533596338381, 0.5802487565304303, 0.911826411753384, 0.911826411753384, 0.911826411753384]","[0.3842667981691905, 0.28919323724869117, 0.09670812608840504, 0.7637449284635762, 0.7159745798891979, 0.911826411753384]","['PCA1', 'PCA2', 'PCA3', 'PCA4', 'PCA5', 'PCA6']",2.0272685116424722,0.16783216783216784,0.9069554385013111,0.27972027972027974,False,0.4560733384262796,False,0.4514132484057296
MBON-12-GaL4 (MBON-γ2α′1),Empty-Split,False,[],"[0.5227303518123327, 0.1308124573433367, 1.0, 1.0, 0.5227303518123327, 0.6857620898833751]","[0.26136517590616637, 0.02180207622388945, 0.8370636154898536, 1.0, 0.23544562486885767, 0.45717472658891667]","['PCA1', 'PCA2', 'PCA3', 'PCA4', 'PCA5', 'PCA6']",1.5764045027069644,0.5024975024975025,0.8972309910237006,0.3096903096903097,False,0.6849109794315273,False,0.4541954395968995
MBON-10-GaL4 (MBON-β′1),Empty-Split,False,[],"[0.8675102949364307, 0.8675102949364307, 0.9919369942939968, 0.8675102949364307, 0.8675102949364307, 0.9919369942939968]","[0.5243489295395956, 0.16621330487968733, 0.8954798797151731, 0.5783401966242872, 0.5646002374432335, 0.9919369942939968]","['PCA1', 'PCA2', 'PCA3', 'PCA4', 'PCA5', 'PCA6']",1.161745960880314,0.5364635364635365,0.7447085107347117,0.37962037962037964,False,0.7068487068487069,False,0.5209962451341762
MBON-03-GaL4 (MBON-β′2mp),Empty-Split,False,[],"[0.9067591206875387, 0.9067591206875387, 0.9067591206875387, 0.9067591206875387, 0.9067591206875387, 0.9067591206875387]","[0.8563557812144938, 0.5023349543605021, 0.1762829685016749, 0.9067591206875387, 0.7413348111301474, 0.6779444305496194]","['PCA1', 'PCA2', 'PCA3', 'PCA4', 'PCA5', 'PCA6']",1.434358516081167,0.2837162837162837,0.7196186522622914,0.46653346653346656,False,0.497002997002997,False,0.5839003763532066
MBON-04-GaL4 (MBON-β′2mp_bilateral),Empty-Split,False,[],"[0.3851398270636839, 0.7637449284635762, 0.5956306857535045, 0.5956306857535045, 0.5956306857535045, 0.5362240792708042]","[0.06418997117728065, 0.7637449284635762, 0.45717472658891667, 0.45717472658891667, 0.4963589047945871, 0.17874135975693473]","['PCA1', 'PCA2', 'PCA3', 'PCA4', 'PCA5', 'PCA6']",1.578862779771672,0.23776223776223776,0.7204612166861254,0.6503496503496503,False,0.45936587684160496,False,0.7353385251112523
MB013B (SIFamide),Empty-Split,False,[],"[0.4963373876134014, 0.09813475058946135, 0.8309842026194015, 0.07136501900044703, 0.911826411753384, 0.8309842026194015]","[0.2481686938067007, 0.03271158352982045, 0.692486835516168, 0.011894169833407837, 0.911826411753384, 0.6238520809623239]","['PCA1', 'PCA2', 'PCA3', 'PCA4', 'PCA5', 'PCA6']",2.236336323629569,0.2987012987012987,0.9963940836755432,0.15084915084915085,False,0.5124272279444694,False,0.3411247843066025
R15B07-gal4 (R1/R3/R4d (EB)),Empty-Gal4,True,['PCA2'],"[0.9873785512460885, 0.012222844733162918, 0.19341625217681008, 0.19341625217681008, 0.9873785512460885, 0.5764001972537858]","[0.861855796318015, 0.0020371407888604863, 0.07909826263265422, 0.09670812608840504, 0.9873785512460885, 0.3842667981691905]","['PCA1', 'PCA2', 'PCA3', 'PCA4', 'PCA5', 'PCA6']",1.4673120398319548,0.014985014985014986,1.2339716057759516,0.007992007992007992,False,0.12425074925074926,False,0.061169599631138084
MB025B (PAM-13-14),Empty-Split,True,"['PCA2', 'PCA4']","[0.3822614337064435, 0.016906819823994584, 0.3822614337064435, 0.04581629444261086, 1.0, 0.8747138189234369]","[0.22832704879820187, 0.0028178033039990974, 0.25484095580429567, 0.015272098147536953, 1.0, 0.7289281824361975]","['PCA1', 'PCA2', 'PCA3', 'PCA4', 'PCA5', 'PCA6']",2.1502790352935173,0.21478521478521478,1.0967892750207808,0.09290709290709291,False,0.4560733384262796,False,0.24326988800673013
R31A12-Gal4 (ER1 (EB)),Empty-Gal4,False,[],"[0.16680861363677532, 0.5259676827478296, 0.16680861363677532, 0.9873785512460885, 0.9873785512460885, 0.5259676827478296]","[0.05560287121225844, 0.35064512183188634, 0.04799502317638509, 0.9873785512460885, 0.8370636154898536, 0.35064512183188634]","['PCA1', 'PCA2', 'PCA3', 'PCA4', 'PCA5', 'PCA6']",0.8282171373045111,0.6353646353646354,0.9026875997092807,0.3106893106893107,False,0.7266526576871405,False,0.4541954395968995
R14G09 (ExR4 (EB)),Empty-Gal4,False,[],"[0.19256991353184194, 0.26576397324097, 0.7445383571918807, 0.19256991353184194, 0.7879850135276372, 0.7879850135276372]","[0.035381335266633125, 0.132881986620485, 0.4963589047945871, 0.06418997117728065, 0.7879850135276372, 0.7879850135276372]","['PCA1', 'PCA2', 'PCA3', 'PCA4', 'PCA5', 'PCA6']",3.6108489814679534,0.017982017982017984,0.9719681984439816,0.16483516483516483,False,0.14313686313686316,False,0.3569870989225828
MB022B (OA-VPM3),Empty-Split,False,[],"[0.2824768356238503, 0.2824768356238503, 0.7486224971547887, 0.2824768356238503, 0.9369558676699575, 0.7486224971547887]","[0.14123841781192514, 0.10323093020037072, 0.5583365375081784, 0.0905192333421713, 0.9369558676699575, 0.6238520809623239]","['PCA1', 'PCA2', 'PCA3', 'PCA4', 'PCA5', 'PCA6']",0.885222235407927,0.7152847152847153,1.0774723647528341,0.06493506493506493,False,0.7778232696265484,False,0.19880119880119876
R28E01-gal4 (ER3m (EB)),Empty-Gal4,False,[],"[0.17930582598279016, 0.670003845009814, 0.17930582598279016, 0.670003845009814, 0.670003845009814, 0.886784835609217]","[0.05560287121225844, 0.5583365375081784, 0.05976860866093005, 0.4017932346855225, 0.4963589047945871, 0.886784835609217]","['PCA1', 'PCA2', 'PCA3', 'PCA4', 'PCA5', 'PCA6']",1.3571260482962142,0.32867132867132864,0.9664674798254955,0.17682317682317683,False,0.5361114295540524,False,0.3627609503898164
MB058B (PPL1-05),Empty-Split,False,[],"[0.7637449284635762, 0.7637449284635762, 0.7637449284635762, 0.7637449284635762, 0.7637449284635762, 0.7637449284635762]","[0.7159745798891979, 0.7159745798891979, 0.23544562486885767, 0.7159745798891979, 0.7637449284635762, 0.6692911266180891]","['PCA1', 'PCA2', 'PCA3', 'PCA4', 'PCA5', 'PCA6']",1.5358344378139914,0.26673326673326675,0.6693568016609965,0.7402597402597403,False,0.49516224516224516,False,0.8183982683982683
MB043B (PAM-11),Empty-Split,False,[],"[0.5798009470581065, 0.30009913584475173, 0.30009913584475173, 0.30009913584475173, 0.5718554541420594, 0.30009913584475173]","[0.5798009470581065, 0.07384365056328972, 0.20006609056316782, 0.20006609056316782, 0.4765462117850495, 0.18918230992030094]","['PCA1', 'PCA2', 'PCA3', 'PCA4', 'PCA5', 'PCA6']",1.1738006629812192,0.6563436563436563,0.8951140535197664,0.2997002997002997,False,0.7443749432385796,False,0.4514132484057296
MB304B (PPL1-04),Empty-Split,False,[],"[0.398645959861455, 0.670003845009814, 0.670003845009814, 0.670003845009814, 0.7879850135276372, 0.398645959861455]","[0.11732270519879959, 0.537265926636113, 0.537265926636113, 0.5583365375081784, 0.7879850135276372, 0.132881986620485]","['PCA1', 'PCA2', 'PCA3', 'PCA4', 'PCA5', 'PCA6']",0.7422998393924043,0.8431568431568431,0.5618501079616839,0.8671328671328671,False,0.8749323593073592,False,0.8859397013243168
MB296B (PPL1-03),Empty-Split,False,[],"[0.7445383571918807, 0.2539590992969481, 0.8370636154898536, 0.7445383571918807, 0.8370636154898536, 0.2539590992969481]","[0.43825357196871007, 0.0846530330989827, 0.7159745798891979, 0.4963589047945871, 0.8370636154898536, 0.05976860866093005]","['PCA1', 'PCA2', 'PCA3', 'PCA4', 'PCA5', 'PCA6']",1.8798400414524772,0.22277722277722278,0.9027297397435207,0.2837162837162837,False,0.4560733384262796,False,0.4514132484057296
MB312B (PAM-07),Empty-Split,True,['PCA4'],"[0.550824303033758, 0.22019756742310395, 0.6464067390155086, 0.04504371048703422, 0.19256991353184194, 0.6464067390155086]","[0.36721620202250527, 0.11009878371155198, 0.6464067390155086, 0.00750728508117237, 0.06418997117728065, 0.5798009470581065]","['PCA1', 'PCA2', 'PCA3', 'PCA4', 'PCA5', 'PCA6']",1.3533725599422295,0.5434565434565435,1.0598937829539539,0.0919080919080919,False,0.7068487068487069,False,0.24326988800673013
MB056B (PAM-05),Empty-Split,False,[],"[0.7397342431142654, 0.7397342431142654, 0.7397342431142654, 0.7397342431142654, 0.7397342431142654, 0.7397342431142654]","[0.35064512183188634, 0.6692911266180891, 0.6016446404961844, 0.6238520809623239, 0.7397342431142654, 0.4765462117850495]","['PCA1', 'PCA2', 'PCA3', 'PCA4', 'PCA5', 'PCA6']",0.989061298695325,0.5984015984015985,0.6311413807396421,0.8031968031968032,False,0.7173609523007114,False,0.853364720385997
MB315C (PAM-01),Empty-Split,False,[],"[0.1033638123288326, 0.1033638123288326, 0.6238520809623239, 0.1033638123288326, 0.30009913584475173, 0.6238520809623239]","[0.04799502317638509, 0.0516819061644163, 0.5798009470581065, 0.02180207622388945, 0.20006609056316782, 0.6238520809623239]","['PCA1', 'PCA2', 'PCA3', 'PCA4', 'PCA5', 'PCA6']",1.994543403642744,0.3256743256743257,1.0842594439828297,0.06593406593406594,False,0.5356131471833951,False,0.19880119880119881
MB504B (All PPL1),Empty-Split,True,"['PCA1', 'PCA2', 'PCA4']","[0.026010164658575814, 0.026010164658575814, 0.7159745798891979, 0.026010164658575814, 0.3531684373032865, 0.7159745798891979]","[0.009921712084665128, 0.013005082329287907, 0.7159745798891979, 0.00750728508117237, 0.23544562486885767, 0.7159745798891979]","['PCA1', 'PCA2', 'PCA3', 'PCA4', 'PCA5', 'PCA6']",2.812282183885666,0.21978021978021978,1.2170869576074372,0.026973026973026972,False,0.4560733384262796,False,0.1340752270984829
MB465C (MB-CSD),Empty-Split,False,[],"[0.5718554541420594, 0.24982710720536797, 0.24982710720536797, 0.25310286428338324, 0.24982710720536797, 0.5798009470581065]","[0.4765462117850495, 0.09670812608840504, 0.12491355360268398, 0.16873524285558883, 0.09670812608840504, 0.5798009470581065]","['PCA1', 'PCA2', 'PCA3', 'PCA4', 'PCA5', 'PCA6']",3.6257508384187864,0.005994005994005994,1.0470232239822532,0.1018981018981019,False,0.0701651289886584,False,0.25997079843233695
MB380B (MB-C1),Empty-Split,False,[],"[0.7879850135276372, 0.7879850135276372, 0.7879850135276372, 0.7879850135276372, 0.7879850135276372, 0.7879850135276372]","[0.2750389932009092, 0.7879850135276372, 0.692486835516168, 0.5583365375081784, 0.7637449284635762, 0.7637449284635762]","['PCA1', 'PCA2', 'PCA3', 'PCA4', 'PCA5', 'PCA6']",1.2125592758167967,0.5684315684315684,0.6416814663362479,0.7892107892107892,False,0.7114332208671831,False,0.8486459776782357
SS54295-gal4 (PBG2‐9.s‐EBt.b‐NO1.b (PB)),Empty-Split,True,['PCA1'],"[0.027784697144174572, 0.9369558676699575, 0.44638251505651216, 0.42371525343577543, 0.7148193176775743, 0.9369558676699575]","[0.004630782857362428, 0.9369558676699575, 0.22319125752825608, 0.14123841781192514, 0.4765462117850495, 0.812432208131742]","['PCA1', 'PCA2', 'PCA3', 'PCA4', 'PCA5', 'PCA6']",0.775050405420268,0.8321678321678322,0.827196427036117,0.4255744255744256,False,0.8715863084284137,False,0.5571665176928335
MB063B (PAM-10),Empty-Split,False,[],"[0.1308124573433367, 0.9369558676699575, 0.5227303518123327, 0.37474066080805196, 0.9024669607442766, 0.9369558676699575]","[0.02180207622388945, 0.9369558676699575, 0.26136517590616637, 0.12491355360268398, 0.6016446404961844, 0.7879850135276372]","['PCA1', 'PCA2', 'PCA3', 'PCA4', 'PCA5', 'PCA6']",2.241078199753384,0.3176823176823177,0.7965856345248976,0.4925074925074925,False,0.5284798534798535,False,0.5988133079042169
41744 (IR8a mutant),TNTxPR,False,[],"[0.9868335403179407, 0.39950538459285856, 0.43166619013676644, 0.9653912985617039, 0.6281002097802239, 0.2973248729366606]","[0.9868335403179407, 0.13316846153095285, 0.21583309506838322, 0.80449274880142, 0.41873347318681586, 0.04955414548944343]","['PCA1', 'PCA2', 'PCA3', 'PCA4', 'PCA5', 'PCA6']",2.3656360385595767,0.1108891108891109,1.089736411687435,0.07392607392607392,False,0.4560733384262796,False,0.2163424810483634
51306 (OR47b mutant),TNTxPR,False,[],"[0.8489171939216485, 0.7330680125079497, 0.8489171939216485, 0.8489171939216485, 0.7330680125079497, 0.8489171939216485]","[0.7831879835419842, 0.2117255824820854, 0.8489171939216485, 0.7508639985954604, 0.24435600416931658, 0.539325062123728]","['PCA1', 'PCA2', 'PCA3', 'PCA4', 'PCA5', 'PCA6']",1.2564984356790858,0.5894105894105894,0.6528783917679241,0.8541458541458542,False,0.7173609523007114,False,0.8806996112695595
c316 (MB-DPM),Empty-Gal4,True,"['PCA4', 'PCA5', 'PCA6']","[0.05735225370901311, 0.19098653177542188, 0.6238520809623239, 0.004529433319893289, 0.0006035272135149008, 0.0006035272135149008]","[0.03823483580600874, 0.1591554431461849, 0.6238520809623239, 0.0022647166599466446, 0.00020117573783830027, 0.0001210006543523834]","['PCA1', 'PCA2', 'PCA3', 'PCA4', 'PCA5', 'PCA6']",2.5193542742372137,0.03196803196803197,1.5170659176828933,0.001998001998001998,False,0.21162708259482452,True,0.03614567250930887
86666 (LH1139),Empty-Split,True,['PCA2'],"[0.5198375077168678, 0.031730909037134526, 0.5198375077168678, 0.1911289032322408, 0.07767516592619553, 0.2128635915853741]","[0.43797600121511027, 0.005288484839522421, 0.5198375077168678, 0.0955644516161204, 0.025891721975398508, 0.14190906105691606]","['PCA1', 'PCA2', 'PCA3', 'PCA4', 'PCA5', 'PCA6']",3.988545823979641,0.11988011988011989,1.216326293514584,0.015984015984015984,False,0.4560733384262796,False,0.0935535053182112
86670 (LH1594),Empty-Split,False,[],"[0.7486224971547887, 0.7486224971547887, 0.7486224971547887, 0.7486224971547887, 0.7486224971547887, 0.886784835609217]","[0.31895098736180794, 0.6238520809623239, 0.4017932346855225, 0.5583365375081784, 0.2481686938067007, 0.886784835609217]","['PCA1', 'PCA2', 'PCA3', 'PCA4', 'PCA5', 'PCA6']",2.3594774644309564,0.12487512487512488,0.7728486326435282,0.5484515484515484,False,0.4560733384262796,False,0.6535440607296895
86674 (LH247),Empty-Split,False,[],"[0.9621482836066155, 0.9621482836066155, 0.9621482836066155, 0.9621482836066155, 0.9621482836066155, 0.9621482836066155]","[0.4765462117850495, 0.7397342431142654, 0.812432208131742, 0.9621482836066155, 0.3842667981691905, 0.6238520809623239]","['PCA1', 'PCA2', 'PCA3', 'PCA4', 'PCA5', 'PCA6']",1.9668189310432171,0.2037962037962038,0.726021727898618,0.6113886113886113,False,0.4560733384262796,False,0.7083720876824325
86667 (LH1000),Empty-Split,False,[],"[0.5227303518123327, 0.5227303518123327, 0.9455820162331645, 0.9873785512460885, 0.6857620898833751, 0.5227303518123327]","[0.2481686938067007, 0.16873524285558883, 0.7879850135276372, 0.9873785512460885, 0.45717472658891667, 0.26136517590616637]","['PCA1', 'PCA2', 'PCA3', 'PCA4', 'PCA5', 'PCA6']",1.8225087809530651,0.22477522477522477,0.8399201383937981,0.4355644355644356,False,0.4560733384262796,False,0.5628397576449524
86671 (LH412),Empty-Split,True,"['PCA2', 'PCA4']","[0.6260810128087017, 0.001693958215697346, 0.4656601979256442, 0.001961425302386401, 0.39870427055781743, 0.6260810128087017]","[0.6260810128087017, 0.000282326369282891, 0.31044013195042947, 0.0006538084341288003, 0.19935213527890872, 0.5365835537460252]","['PCA1', 'PCA2', 'PCA3', 'PCA4', 'PCA5', 'PCA6']",2.7368786604406146,0.1888111888111888,1.562400663057302,0.07292707292707293,False,0.4560733384262796,False,0.2163424810483634
86675 (LH542),Empty-Split,False,[],"[0.7486224971547887, 0.44638251505651216, 0.7486224971547887, 0.17930582598279016, 0.17930582598279016, 0.9369558676699575]","[0.6238520809623239, 0.22319125752825608, 0.5583365375081784, 0.05976860866093005, 0.0516819061644163, 0.9369558676699575]","['PCA1', 'PCA2', 'PCA3', 'PCA4', 'PCA5', 'PCA6']",1.1559212243424037,0.5224775224775224,0.9858886106567315,0.18681318681318682,False,0.6978055501545434,False,0.37374625374625375
86669 (LH567),Empty-Split,False,[],"[0.5860416230076372, 0.5860416230076372, 0.32105586585725554, 0.5860416230076372, 0.5860416230076372, 0.4257271831707482]","[0.43797600121511027, 0.5860416230076372, 0.05350931097620926, 0.49865925804988187, 0.4779486596694533, 0.14190906105691606]","['PCA1', 'PCA2', 'PCA3', 'PCA4', 'PCA5', 'PCA6']",2.2799025711998095,0.17182817182817184,0.9199695650714753,0.2917082917082917,False,0.4560733384262796,False,0.4514132484057296
86661 (LH1554),Empty-Split,False,[],"[0.7148193176775743, 0.7148193176775743, 0.9873785512460885, 0.9873785512460885, 0.7148193176775743, 0.7148193176775743]","[0.28919323724869117, 0.3842667981691905, 0.8370636154898536, 0.9873785512460885, 0.4765462117850495, 0.43825357196871007]","['PCA1', 'PCA2', 'PCA3', 'PCA4', 'PCA5', 'PCA6']",0.754373473540304,0.8181818181818182,0.6094248169344554,0.8121878121878122,False,0.8614718614718615,False,0.8551607123035695
VT43924 (MB-APL),Empty-Gal4,True,"['PCA1', 'PCA5']","[0.04181294228169896, 0.2885067684348811, 0.2885067684348811, 0.6238050092602413, 0.004848707852521092, 0.9342393414808573]","[0.013937647427232986, 0.1510837576857439, 0.19233784562325407, 0.5198375077168678, 0.0008081179754201819, 0.9342393414808573]","['PCA1', 'PCA2', 'PCA3', 'PCA4', 'PCA5', 'PCA6']",8.159958518308354,0.001998001998001998,1.5441102949325005,0.000999000999000999,True,0.045877199723353565,True,0.033133533133533136
GMR86D09-GAL4,Empty-Gal4,False,[],"[0.19341625217681008, 0.31710019990234056, 0.6238520809623239, 0.19341625217681008, 0.19341625217681008, 0.6199230986844522]","[0.06418997117728065, 0.21140013326822704, 0.6238520809623239, 0.0846530330989827, 0.09670812608840504, 0.5166025822370435]","['PCA1', 'PCA2', 'PCA3', 'PCA4', 'PCA5', 'PCA6']",1.7042402460637882,0.26873126873126874,1.0691535014845224,0.07892107892107893,False,0.49516224516224516,False,0.2243613529327815
LC10-2,Empty-Split,True,['PCA2'],"[0.09813475058946135, 0.0409702625538819, 0.4557451951317665, 0.23464541039759917, 0.9369558676699575, 0.9369558676699575]","[0.03271158352982045, 0.00682837709231365, 0.3038301300878443, 0.11732270519879959, 0.9369558676699575, 0.7879850135276372]","['PCA1', 'PCA2', 'PCA3', 'PCA4', 'PCA5', 'PCA6']",2.740772214240425,0.007992007992007992,0.9760665667585308,0.1878121878121878,False,0.08835608835608835,False,0.37374625374625375
LC10-1,Empty-Split,False,[],"[0.9873785512460885, 0.79729191972291, 0.9873785512460885, 0.9873785512460885, 0.9873785512460885, 0.9873785512460885]","[0.7397342431142654, 0.132881986620485, 0.9873785512460885, 0.886784835609217, 0.886784835609217, 0.861855796318015]","['PCA1', 'PCA2', 'PCA3', 'PCA4', 'PCA5', 'PCA6']",1.272273694873246,0.5624375624375625,0.5191455521550388,0.932067932067932,False,0.7114332208671831,False,0.9415305506676065
LC9,Empty-Split,False,[],"[0.7637449284635762, 0.398645959861455, 0.7637449284635762, 0.7637449284635762, 0.398645959861455, 0.7637449284635762]","[0.537265926636113, 0.132881986620485, 0.45717472658891667, 0.692486835516168, 0.11732270519879959, 0.7637449284635762]","['PCA1', 'PCA2', 'PCA3', 'PCA4', 'PCA5', 'PCA6']",2.003465610875889,0.18681318681318682,0.7463381268906575,0.6133866133866134,False,0.4560733384262796,False,0.7083720876824325
LC11,Empty-Split,False,[],"[0.6447191119633355, 0.39204776385924955, 0.206633850696363, 0.22019756742310395, 0.206633850696363, 0.9873785512460885]","[0.537265926636113, 0.26136517590616637, 0.035381335266633125, 0.11009878371155198, 0.068877950232121, 0.9873785512460885]","['PCA1', 'PCA2', 'PCA3', 'PCA4', 'PCA5', 'PCA6']",1.037474080763762,0.5914085914085914,0.8199157812067634,0.4435564435564436,False,0.7173609523007114,False,0.5683675299059915
LC4,Empty-Split,True,['PCA5'],"[0.271981273088525, 0.753865329868274, 0.271981273088525, 0.24941596557245493, 0.028642205877458846, 0.676252339294765]","[0.18132084872568333, 0.753865329868274, 0.14190906105691606, 0.08313865519081831, 0.004773700979576474, 0.5635436160789709]","['PCA1', 'PCA2', 'PCA3', 'PCA4', 'PCA5', 'PCA6']",1.9090939368080213,0.21078921078921078,0.8864278185162456,0.3336663336663337,False,0.4560733384262796,False,0.47373902693051634
LC6,Empty-Split,False,[],"[0.911826411753384, 0.911826411753384, 0.911826411753384, 0.911826411753384, 0.911826411753384, 0.6193855812022243]","[0.886784835609217, 0.911826411753384, 0.7159745798891979, 0.7159745798891979, 0.36721620202250527, 0.10323093020037072]","['PCA1', 'PCA2', 'PCA3', 'PCA4', 'PCA5', 'PCA6']",2.0885837828593212,0.1938061938061938,0.915691327910729,0.2827172827172827,False,0.4560733384262796,False,0.4514132484057296
"JON-AB
JO-15""",Empty-Gal4,True,"['PCA1', 'PCA3']","[0.016900848561228258, 0.07646967161201748, 0.016900848561228258, 0.9621482836066155, 0.8309842026194015, 0.7148193176775743]","[0.004192622832979163, 0.03823483580600874, 0.005633616187076086, 0.9621482836066155, 0.692486835516168, 0.4765462117850495]","['PCA1', 'PCA2', 'PCA3', 'PCA4', 'PCA5', 'PCA6']",2.109779655390389,0.15484515484515485,1.229714206802783,0.014985014985014986,False,0.4560733384262796,False,0.09318806193806194
LC12,Empty-Split,False,[],"[0.6016446404961844, 0.6016446404961844, 0.6016446404961844, 0.6016446404961844, 0.6016446404961844, 0.6016446404961844]","[0.18918230992030094, 0.23544562486885767, 0.6016446404961844, 0.6016446404961844, 0.537265926636113, 0.3842667981691905]","['PCA1', 'PCA2', 'PCA3', 'PCA4', 'PCA5', 'PCA6']",1.8372386997935917,0.22077922077922077,0.8473632418244388,0.4125874125874126,False,0.4560733384262796,False,0.5450575914152073
MB399B,Empty-Split,False,[],"[0.6238520809623239, 0.6238520809623239, 0.1962695011789227, 0.398645959861455, 0.6026898520282838, 0.6026898520282838]","[0.6238520809623239, 0.5798009470581065, 0.03271158352982045, 0.132881986620485, 0.4017932346855225, 0.36721620202250527]","['PCA1', 'PCA2', 'PCA3', 'PCA4', 'PCA5', 'PCA6']",2.203754239841481,0.17782217782217782,1.0167957616816103,0.11288711288711288,False,0.4560733384262796,False,0.27733994400661066
MB463B,Empty-Split,False,[],"[0.346348206739567, 0.9605149582960633, 0.9605149582960633, 0.9605149582960633, 0.9605149582960633, 0.9605149582960633]","[0.05772470112326117, 0.5860416230076372, 0.7042746132087777, 0.9605149582960633, 0.8819307212779461, 0.45771743442744617]","['PCA1', 'PCA2', 'PCA3', 'PCA4', 'PCA5', 'PCA6']",0.5999623582174268,0.984015984015984,0.7625246889690848,0.5634365634365635,False,0.9889857617130344,False,0.6634548883069593
86712 (LH421),Empty-Split,False,[],"[0.050722335292913395, 0.5259676827478296, 0.8591694958670374, 0.050722335292913395, 0.29998594514556315, 0.886784835609217]","[0.009049340514549248, 0.35064512183188634, 0.7159745798891979, 0.016907445097637797, 0.14999297257278157, 0.886784835609217]","['PCA1', 'PCA2', 'PCA3', 'PCA4', 'PCA5', 'PCA6']",1.1261689683945952,0.6293706293706294,0.975977007416667,0.15684315684315683,False,0.7266526576871405,False,0.34679764679764674
86710 (LH290),Empty-Split,True,"['PCA2', 'PCA6']","[0.07646967161201748, 0.035682509500223517, 0.5798009470581065, 0.13577885001325696, 0.4611201578030286, 0.035682509500223517]","[0.03823483580600874, 0.011894169833407837, 0.5798009470581065, 0.0905192333421713, 0.3842667981691905, 0.010868230307152529]","['PCA1', 'PCA2', 'PCA3', 'PCA4', 'PCA5', 'PCA6']",1.344848816405542,0.43956043956043955,0.9694674316897642,0.21878121878121878,False,0.632159207698776,False,0.3770367563471012
MB542B,Empty-Split,False,[],"[0.37327527668289706, 0.5123378639462922, 0.8301322406402155, 0.5983911096598582, 0.5983911096598582, 0.5983911096598582]","[0.06221254611381617, 0.1707792879820974, 0.8301322406402155, 0.3468892911616084, 0.39999766066623765, 0.49865925804988187]","['PCA1', 'PCA2', 'PCA3', 'PCA4', 'PCA5', 'PCA6']",0.9529620903507466,0.5674325674325674,0.9807228840951154,0.1798201798201798,False,0.7114332208671831,False,0.36514505902261
MB371B,Empty-Split,False,[],"[0.05743750656962784, 0.9605149582960633, 0.9605149582960633, 0.9605149582960633, 0.9605149582960633, 0.3745514552015904]","[0.009572917761604639, 0.5860416230076372, 0.8301322406402155, 0.9342393414808573, 0.9605149582960633, 0.12485048506719679]","['PCA1', 'PCA2', 'PCA3', 'PCA4', 'PCA5', 'PCA6']",0.7800728101723977,0.7262737262737263,0.47626291537634874,0.972027972027972,False,0.7854808235243018,False,0.9769372042099315
MB549C,Empty-Split,False,[],"[0.8301322406402155, 0.8301322406402155, 0.8301322406402155, 0.8301322406402155, 0.8301322406402155, 0.8301322406402155]","[0.8301322406402155, 0.39999766066623765, 0.6322436309019092, 0.5414703924391078, 0.1707792879820974, 0.7042746132087777]","['PCA1', 'PCA2', 'PCA3', 'PCA4', 'PCA5', 'PCA6']",3.130008526990464,0.06693306693306693,0.9804291123396212,0.17382617382617382,False,0.36999111999111994,False,0.36032717282717286
MB543B,Empty-Split,False,[],"[0.6016446404961844, 0.6016446404961844, 0.6016446404961844, 0.24769008424902472, 0.6016446404961844, 0.5062057285667665]","[0.5798009470581065, 0.4017932346855225, 0.5166025822370435, 0.04128168070817079, 0.6016446404961844, 0.16873524285558883]","['PCA1', 'PCA2', 'PCA3', 'PCA4', 'PCA5', 'PCA6']",1.782732970043288,0.27672327672327673,1.0526556429198746,0.10789210789210789,False,0.497002997002997,False,0.26838161838161834
MB434B,Empty-Split,False,[],"[0.812432208131742, 0.1673175884548048, 0.812432208131742, 0.812432208131742, 0.812432208131742, 0.812432208131742]","[0.41979076804604143, 0.027886264742467463, 0.812432208131742, 0.7879850135276372, 0.537265926636113, 0.7637449284635762]","['PCA1', 'PCA2', 'PCA3', 'PCA4', 'PCA5', 'PCA6']",1.9523219346376761,0.18681318681318682,0.9439948055607091,0.2017982017982018,False,0.4560733384262796,False,0.3770367563471012
7362 (C739-Gal4),Empty-Gal4,False,[],"[0.6695737725847682, 0.6957611364697277, 0.3100914369864978, 0.6957611364697277, 0.6957611364697277, 0.8370636154898536]","[0.22319125752825608, 0.41979076804604143, 0.0516819061644163, 0.4765462117850495, 0.5798009470581065, 0.8370636154898536]","['PCA1', 'PCA2', 'PCA3', 'PCA4', 'PCA5', 'PCA6']",1.5326449104228543,0.34465534465534464,0.8503405992855841,0.40559440559440557,False,0.5443366157651872,False,0.5430341470609927
51969 (Capa-GAL4 4F),Empty-Gal4,False,[],"[0.861855796318015, 0.5062057285667665, 0.861855796318015, 0.5259676827478296, 0.5227303518123327, 0.5062057285667665]","[0.861855796318015, 0.16873524285558883, 0.7397342431142654, 0.35064512183188634, 0.26136517590616637, 0.132881986620485]","['PCA1', 'PCA2', 'PCA3', 'PCA4', 'PCA5', 'PCA6']",2.074478175696376,0.2097902097902098,0.9520106070278171,0.2177822177822178,False,0.4560733384262796,False,0.3770367563471012
MB418B ,Empty-Split,False,[],"[0.35748271951386945, 0.5583365375081784, 0.4406594424270063, 0.35748271951386945, 0.4406594424270063, 0.35748271951386945]","[0.17874135975693473, 0.5583365375081784, 0.36721620202250527, 0.16873524285558883, 0.36721620202250527, 0.07384365056328972]","['PCA1', 'PCA2', 'PCA3', 'PCA4', 'PCA5', 'PCA6']",1.6369028290222942,0.21678321678321677,0.9040774860518974,0.2947052947052947,False,0.4560733384262796,False,0.4514132484057296
86683 (LH168),Empty-Split,False,[],"[0.29012437826521514, 0.5583365375081784, 0.5583365375081784, 0.5583365375081784, 0.29012437826521514, 0.5583365375081784]","[0.06418997117728065, 0.35064512183188634, 0.4765462117850495, 0.5583365375081784, 0.09670812608840504, 0.537265926636113]","['PCA1', 'PCA2', 'PCA3', 'PCA4', 'PCA5', 'PCA6']",2.559398326820958,0.2047952047952048,0.8226029241144985,0.4065934065934066,False,0.4560733384262796,False,0.5430341470609927
86692 (LH1479),Empty-Split,False,[],"[0.6199230986844522, 0.42371525343577543, 0.861855796318015, 0.42371525343577543, 0.6199230986844522, 0.6199230986844522]","[0.5166025822370435, 0.14123841781192514, 0.861855796318015, 0.07384365056328972, 0.5166025822370435, 0.31895098736180794]","['PCA1', 'PCA2', 'PCA3', 'PCA4', 'PCA5', 'PCA6']",2.10589195198932,0.16583416583416583,1.009839241722092,0.12187812187812187,False,0.4560733384262796,False,0.29221381028609944
86682 (LH85),Empty-Split,True,"['PCA1', 'PCA4', 'PCA6']","[0.04704554006288445, 0.24435600416931658, 0.05418957355293707, 0.014827662161636767, 0.06489999128443585, 0.04477806052205503]","[0.023522770031442226, 0.24435600416931658, 0.03612638236862471, 0.002471277026939461, 0.054083326070363216, 0.014926020174018343]","['PCA1', 'PCA2', 'PCA3', 'PCA4', 'PCA5', 'PCA6']",1.9182264973181407,0.3026973026973027,1.5299142919658837,0.001998001998001998,False,0.5148441302287456,True,0.03614567250930887
86701 (LH849),Empty-Split,False,[],"[0.16497565252655022, 0.16497565252655022, 0.7228093781675458, 0.21307949310473037, 0.8488208023907478, 0.3870630259099738]","[0.05499188417551674, 0.027911995776823545, 0.6023411484729548, 0.10653974655236519, 0.8488208023907478, 0.2580420172733159]","['PCA1', 'PCA2', 'PCA3', 'PCA4', 'PCA5', 'PCA6']",2.476430708032204,0.03196803196803197,0.994462767520576,0.0919080919080919,False,0.21162708259482452,False,0.24326988800673013
86685 (LH272),Empty-Split,False,[],"[0.36476281598428895, 0.3037658563942033, 0.3037658563942033, 0.22052054608290556, 0.3037658563942033, 0.3037658563942033]","[0.36476281598428895, 0.221869851827308, 0.2531382136618361, 0.036753424347150926, 0.19347001773625128, 0.21208911610078085]","['PCA1', 'PCA2', 'PCA3', 'PCA4', 'PCA5', 'PCA6']",2.4084740507177287,0.029970029970029972,0.910878760998732,0.2077922077922078,False,0.21162708259482452,False,0.3770367563471012
86690 (LH374),Empty-Split,False,[],"[0.525904286362452, 0.525904286362452, 0.06540622867166836, 0.20646186040074144, 0.06540622867166836, 0.861855796318015]","[0.43825357196871007, 0.36721620202250527, 0.011894169833407837, 0.10323093020037072, 0.02180207622388945, 0.861855796318015]","['PCA1', 'PCA2', 'PCA3', 'PCA4', 'PCA5', 'PCA6']",1.8648416870556968,0.21578421578421578,1.077029965648443,0.07592407592407592,False,0.4560733384262796,False,0.2189694363607407
86697 (LH989),Empty-Split,False,[],"[0.44306190337973833, 0.9927178095891742, 1.0, 0.9927178095891742, 1.0, 1.0]","[0.07384365056328972, 0.4963589047945871, 1.0, 0.45717472658891667, 1.0, 0.8370636154898536]","['PCA1', 'PCA2', 'PCA3', 'PCA4', 'PCA5', 'PCA6']",1.8428472553485327,0.24375624375624375,0.7682958196611339,0.5424575424575424,False,0.4619761191189763,False,0.6502954876448852
86693 (LH979),Empty-Split,False,[],"[0.206633850696363, 0.812432208131742, 0.812432208131742, 0.206633850696363, 0.35748271951386945, 0.6296861520690622]","[0.04128168070817079, 0.7637449284635762, 0.812432208131742, 0.068877950232121, 0.17874135975693473, 0.41979076804604143]","['PCA1', 'PCA2', 'PCA3', 'PCA4', 'PCA5', 'PCA6']",0.7070569331597083,0.7002997002997003,0.9437679269958154,0.21978021978021978,False,0.7699427644179025,False,0.3770367563471012
86699 (LH123),Empty-Split,True,"['PCA1', 'PCA4', 'PCA5']","[0.027148021543647746, 0.06679757361455757, 0.6957611364697277, 0.027148021543647746, 0.0436041524477789, 0.911826411753384]","[0.009049340514549248, 0.04453171574303838, 0.5798009470581065, 0.00824611159729866, 0.02180207622388945, 0.911826411753384]","['PCA1', 'PCA2', 'PCA3', 'PCA4', 'PCA5', 'PCA6']",1.2908429919551092,0.3926073926073926,1.2159445460643916,0.015984015984015984,False,0.6056501637896986,False,0.0935535053182112
SS32219-Gal4 (LAL-2),Empty-Split,False,[],"[0.6447191119633355, 0.37474066080805196, 0.6447191119633355, 0.6692911266180891, 0.6447191119633355, 0.37474066080805196]","[0.5166025822370435, 0.12491355360268398, 0.35064512183188634, 0.6692911266180891, 0.537265926636113, 0.11009878371155198]","['PCA1', 'PCA2', 'PCA3', 'PCA4', 'PCA5', 'PCA6']",2.006680506979081,0.23376623376623376,0.87192633036607,0.34065934065934067,False,0.4560733384262796,False,0.47740287881132953
GMR70G12-Gal4,Empty-Gal4,False,[],"[0.6447191119633355, 0.23729478789796268, 0.550824303033758, 0.23729478789796268, 0.24982710720536797, 0.8370636154898536]","[0.537265926636113, 0.07384365056328972, 0.36721620202250527, 0.07909826263265422, 0.12491355360268398, 0.8370636154898536]","['PCA1', 'PCA2', 'PCA3', 'PCA4', 'PCA5', 'PCA6']",2.447299305021817,0.03496503496503497,1.075295732469513,0.054945054945054944,False,0.2174388111888112,False,0.17924698252567106
SS32230-Gal4 (LAL-1),Empty-Split,True,['PCA1'],"[0.04947666958379197, 0.8031493519417069, 0.8370636154898536, 0.6026898520282838, 0.6026898520282838, 0.6026898520282838]","[0.00824611159729866, 0.6692911266180891, 0.8370636154898536, 0.35064512183188634, 0.4017932346855225, 0.2750389932009092]","['PCA1', 'PCA2', 'PCA3', 'PCA4', 'PCA5', 'PCA6']",1.3144646159577245,0.2827172827172827,0.7650965236876461,0.5704295704295704,False,0.497002997002997,False,0.6677381442087325
MBON-22-GaL4 (MBON-calyx),Empty-Split,False,[],"[0.5486096719067, 0.05953027250799077, 0.22019756742310395, 0.22019756742310395, 0.4784264810427119, 0.6464067390155086]","[0.45717472658891667, 0.009921712084665128, 0.10323093020037072, 0.11009878371155198, 0.31895098736180794, 0.6464067390155086]","['PCA1', 'PCA2', 'PCA3', 'PCA4', 'PCA5', 'PCA6']",2.2372575413295563,0.16283716283716285,1.104939957491786,0.03996003996003996,False,0.4560733384262796,False,0.1529239990778452
MB247-Gal4,Empty-Gal4,False,[],"[0.08524081330363903, 0.09599004635277018, 1.0, 1.0, 0.09599004635277018, 1.0]","[0.014206802217273171, 0.04128168070817079, 1.0, 0.7879850135276372, 0.04799502317638509, 0.886784835609217]","['PCA1', 'PCA2', 'PCA3', 'PCA4', 'PCA5', 'PCA6']",4.649360134362365,0.008991008991008992,1.3162848574505157,0.005994005994005994,False,0.09416898890583102,False,0.051861182295964904
MB310C,Empty-Split,True,"['PCA2', 'PCA6']","[0.35064512183188634, 0.010281655000447972, 0.21185762671788771, 0.35064512183188634, 0.21185762671788771, 0.010281655000447972]","[0.35064512183188634, 0.0018307246496942306, 0.12491355360268398, 0.35064512183188634, 0.14123841781192514, 0.0034272183334826574]","['PCA1', 'PCA2', 'PCA3', 'PCA4', 'PCA5', 'PCA6']",3.2682853333969124,0.002997002997002997,1.311781785901847,0.005994005994005994,True,0.045877199723353565,False,0.051861182295964904
DDC-gal4,Empty-Gal4,True,"['PCA5', 'PCA6']","[0.6692911266180891, 0.07172233039311605, 0.07172233039311605, 0.07172233039311605, 0.0013673917170928024, 0.027148021543647746]","[0.6692911266180891, 0.05976860866093005, 0.03823483580600874, 0.05976860866093005, 0.00022789861951546706, 0.009049340514549248]","['PCA1', 'PCA2', 'PCA3', 'PCA4', 'PCA5', 'PCA6']",4.398900661001552,0.00999000999000999,1.5625322269902604,0.000999000999000999,False,0.0994005994005994,True,0.033133533133533136
MB301B (PAM-03),Empty-Split,False,[],"[0.9105327022292903, 0.9105327022292903, 0.9105327022292903, 0.9105327022292903, 0.9105327022292903, 0.45499814269797967]","[0.3568382475534896, 0.9105327022292903, 0.7360415692660789, 0.5145776023860105, 0.8397135013018749, 0.07583302378299661]","['PCA1', 'PCA2', 'PCA3', 'PCA4', 'PCA5', 'PCA6']",1.0654551362152012,0.6623376623376623,0.9014850410759018,0.4965034965034965,False,0.7446621175434736,False,0.5988133079042169
76003 (LH528),Empty-Split,False,[],"[0.23464541039759917, 0.5764001972537858, 0.6692911266180891, 0.23464541039759917, 0.23464541039759917, 0.6692911266180891]","[0.10323093020037072, 0.3842667981691905, 0.6016446404961844, 0.11732270519879959, 0.04453171574303838, 0.6692911266180891]","['PCA1', 'PCA2', 'PCA3', 'PCA4', 'PCA5', 'PCA6']",1.4873514462995006,0.27972027972027974,0.7927698102724522,0.4955044955044955,False,0.497002997002997,False,0.5988133079042169
51993 (Lk-GAL4 2M),Empty-Gal4,False,[],"[0.24982710720536797, 0.35064512183188634, 0.24982710720536797, 0.29780243256804084, 0.29780243256804084, 0.24982710720536797]","[0.12491355360268398, 0.35064512183188634, 0.06418997117728065, 0.22319125752825608, 0.2481686938067007, 0.09670812608840504]","['PCA1', 'PCA2', 'PCA3', 'PCA4', 'PCA5', 'PCA6']",1.4719053911719628,0.3596403596403596,1.0154421906772921,0.13386613386613386,False,0.5635309572317446,False,0.3157430804489628
75823 (LH2446),Empty-Split,False,[],"[0.05525847619165815, 0.4406594424270063, 0.6238520809623239, 0.137755900464242, 0.4406594424270063, 0.05525847619165815]","[0.01841949206388605, 0.3038301300878443, 0.6238520809623239, 0.068877950232121, 0.36721620202250527, 0.009921712084665128]","['PCA1', 'PCA2', 'PCA3', 'PCA4', 'PCA5', 'PCA6']",1.6656695177174348,0.24275724275724275,0.9865584278609623,0.16583416583416583,False,0.4619761191189763,False,0.3569870989225828
75860 (LH2454),Empty-Split,False,[],"[0.20646186040074144, 0.37225304071005105, 0.911826411753384, 0.20646186040074144, 0.3827411848341695, 0.20646186040074144]","[0.0846530330989827, 0.2481686938067007, 0.911826411753384, 0.04453171574303838, 0.31895098736180794, 0.10323093020037072]","['PCA1', 'PCA2', 'PCA3', 'PCA4', 'PCA5', 'PCA6']",1.1164621622897137,0.5904095904095904,0.6979335200467374,0.6833166833166833,False,0.7173609523007114,False,0.7607755373118502
76013 (LH1827),Empty-Split,False,[],"[0.16514817556732797, 0.5956306857535045, 0.16514817556732797, 0.16514817556732797, 0.16514817556732797, 0.886784835609217]","[0.10323093020037072, 0.4963589047945871, 0.11009878371155198, 0.0905192333421713, 0.04453171574303838, 0.886784835609217]","['PCA1', 'PCA2', 'PCA3', 'PCA4', 'PCA5', 'PCA6']",0.8437959841471193,0.7492507492507493,0.874924055590414,0.34765234765234765,False,0.805950805950806,False,0.4837959243553649
75956 (LH2445),Empty-Split,False,[],"[0.7637449284635762, 0.7637449284635762, 0.29998594514556315, 0.22153095168986917, 0.3531684373032865, 0.22153095168986917]","[0.6464067390155086, 0.7637449284635762, 0.14999297257278157, 0.07384365056328972, 0.23544562486885767, 0.05560287121225844]","['PCA1', 'PCA2', 'PCA3', 'PCA4', 'PCA5', 'PCA6']",0.937908163520446,0.6783216783216783,1.1352406982039176,0.04895104895104895,False,0.7552224312000848,False,0.17395104895104896
52017 (AstC-GAL4 1M),Empty-Gal4,False,[],"[0.6692911266180891, 0.6199230986844522, 0.1962695011789227, 0.6199230986844522, 0.6199230986844522, 0.6199230986844522]","[0.6692911266180891, 0.22319125752825608, 0.03271158352982045, 0.4963589047945871, 0.5166025822370435, 0.4963589047945871]","['PCA1', 'PCA2', 'PCA3', 'PCA4', 'PCA5', 'PCA6']",0.8031439583385348,0.6353646353646354,1.1174539372088594,0.053946053946053944,False,0.7266526576871405,False,0.17924698252567106
75945 (LH1543),Empty-Split,False,[],"[0.8309842026194015, 0.9873785512460885, 0.6342003998046811, 0.7148193176775743, 0.6342003998046811, 0.7148193176775743]","[0.692486835516168, 0.9873785512460885, 0.21140013326822704, 0.3842667981691905, 0.132881986620485, 0.4765462117850495]","['PCA1', 'PCA2', 'PCA3', 'PCA4', 'PCA5', 'PCA6']",2.0393852887839854,0.22077922077922077,0.8403264094027874,0.4035964035964036,False,0.4560733384262796,False,0.5430341470609927
86604 (LH2001),Empty-Split,False,[],"[0.9164939141562914, 0.7344324040450105, 0.9621482836066155, 0.7344324040450105, 0.9164939141562914, 0.7344324040450105]","[0.7159745798891979, 0.22319125752825608, 0.9621482836066155, 0.36721620202250527, 0.7637449284635762, 0.2750389932009092]","['PCA1', 'PCA2', 'PCA3', 'PCA4', 'PCA5', 'PCA6']",0.6761823239053127,0.8441558441558441,0.8565615288573574,0.36663336663336665,False,0.8749323593073592,False,0.5066669441669441
25681 (NPF-GAL4 2),Empty-Gal4,True,['PCA5'],"[0.8489171939216485, 0.8489171939216485, 0.725468281014443, 0.725468281014443, 0.011168250743941815, 0.8489171939216485]","[0.7189715050635516, 0.7189715050635516, 0.3627341405072215, 0.26193283344736606, 0.0018613751239903026, 0.8489171939216485]","['PCA1', 'PCA2', 'PCA3', 'PCA4', 'PCA5', 'PCA6']",2.1107705536584835,0.0979020979020979,1.316725262103397,0.017982017982017984,False,0.4560733384262796,False,0.10224061652633082
86647 (LH1959),Empty-Split,False,[],"[0.6351767474462562, 0.6471900745484735, 0.7508639985954604, 0.6471900745484735, 0.6471900745484735, 0.6351767474462562]","[0.1823673381831563, 0.40908731422135114, 0.7508639985954604, 0.539325062123728, 0.4335287866464803, 0.2117255824820854]","['PCA1', 'PCA2', 'PCA3', 'PCA4', 'PCA5', 'PCA6']",1.102140685850374,0.6203796203796204,0.7242392908296489,0.7652347652347652,False,0.7266526576871405,False,0.8351811232246016
86659 (LH1721),Empty-Split,False,[],"[0.5802487565304303, 0.6857620898833751, 0.8031493519417069, 0.6857620898833751, 0.886784835609217, 0.6857620898833751]","[0.09670812608840504, 0.2750389932009092, 0.6692911266180891, 0.45717472658891667, 0.886784835609217, 0.3842667981691905]","['PCA1', 'PCA2', 'PCA3', 'PCA4', 'PCA5', 'PCA6']",1.5931353018515473,0.42157842157842157,0.6059680324568496,0.8411588411588412,False,0.6212537462537463,False,0.8728615134865135
86656 (LH721),Empty-Split,False,[],"[0.539325062123728, 0.46842509190411863, 0.48871200833863315, 0.24033730198122194, 0.539325062123728, 0.539325062123728]","[0.4848641211897319, 0.15614169730137287, 0.24435600416931658, 0.04005621699687032, 0.539325062123728, 0.511716471461259]","['PCA1', 'PCA2', 'PCA3', 'PCA4', 'PCA5', 'PCA6']",2.1883602495498713,0.2127872127872128,1.2409809913859116,0.04995004995004995,False,0.4560733384262796,False,0.17438701649227964
86643 (LH1893),Empty-Split,False,[],"[0.5676603730494105, 0.24033730198122194, 0.5676603730494105, 0.5676603730494105, 0.39864492072217333, 0.5676603730494105]","[0.511716471461259, 0.04005621699687032, 0.5676603730494105, 0.5676603730494105, 0.13288164024072444, 0.38548510400194913]","['PCA1', 'PCA2', 'PCA3', 'PCA4', 'PCA5', 'PCA6']",3.2284072302884765,0.053946053946053944,1.209814727332795,0.06293706293706294,False,0.3157430804489628,False,0.19569493006993008
86653 (LH1925),Empty-Split,False,[],"[0.7880169690695349, 0.3932908866413085, 0.3932908866413085, 0.9157145051522164, 0.3932908866413085, 0.4205466192380073]","[0.6566808075579458, 0.15614169730137287, 0.19664544332065426, 0.9157145051522164, 0.07894592208173579, 0.2803644128253382]","['PCA1', 'PCA2', 'PCA3', 'PCA4', 'PCA5', 'PCA6']",2.467330858531466,0.12287712287712288,1.23384688243415,0.053946053946053944,False,0.4560733384262796,False,0.17924698252567106
86658 (LH1744),Empty-Split,False,[],"[0.7749038733555652, 0.1105169523833163, 0.7749038733555652, 0.5362240792708042, 0.7879850135276372, 0.7879850135276372]","[0.5166025822370435, 0.01841949206388605, 0.41979076804604143, 0.17874135975693473, 0.7637449284635762, 0.7879850135276372]","['PCA1', 'PCA2', 'PCA3', 'PCA4', 'PCA5', 'PCA6']",1.8613102050032184,0.15784215784215785,0.7314299594404924,0.6503496503496503,False,0.4560733384262796,False,0.7353385251112523
86641 (LH1900),Empty-Split,False,[],"[0.8397135013018749, 0.8397135013018749, 0.8397135013018749, 0.8397135013018749, 0.8397135013018749, 0.8397135013018749]","[0.7360415692660789, 0.5145776023860105, 0.5742296569742573, 0.8397135013018749, 0.8397135013018749, 0.45831769413307955]","['PCA1', 'PCA2', 'PCA3', 'PCA4', 'PCA5', 'PCA6']",1.1079003041221755,0.8801198801198801,0.9681343182161857,0.4025974025974026,False,0.8981736212505442,False,0.5430341470609927
51989 (Dh31-GAL4 5F),Empty-Gal4,True,"['PCA1', 'PCA2']","[0.0031881777506454156, 0.035682509500223517, 0.44638251505651216, 0.9873785512460885, 0.5018342758114668, 0.5956306857535045]","[0.0005313629584409026, 0.011894169833407837, 0.22319125752825608, 0.9873785512460885, 0.3345561838743112, 0.4963589047945871]","['PCA1', 'PCA2', 'PCA3', 'PCA4', 'PCA5', 'PCA6']",3.7470012072188394,0.002997002997002997,1.1882863254330953,0.03396603396603397,True,0.045877199723353565,False,0.14081751581751584
51990 (FMRFa-GAL4 1M),Empty-Gal4,False,[],"[0.6199230986844522, 0.7397342431142654, 0.2879701390583106, 0.6199230986844522, 0.5783864744973823, 0.5783864744973823]","[0.4963589047945871, 0.7397342431142654, 0.04799502317638509, 0.5166025822370435, 0.23544562486885767, 0.28919323724869117]","['PCA1', 'PCA2', 'PCA3', 'PCA4', 'PCA5', 'PCA6']",0.9914863206710578,0.6253746253746254,1.1603231668069367,0.027972027972027972,False,0.7266526576871405,False,0.1340752270984829
51991 (sNPF-GAL4 2),Empty-Gal4,False,[],"[0.35748271951386945, 0.5486096719067, 0.5259676827478296, 0.3519681155963988, 0.6464067390155086, 0.12029160105223079]","[0.17874135975693473, 0.45717472658891667, 0.35064512183188634, 0.11732270519879959, 0.6464067390155086, 0.020048600175371797]","['PCA1', 'PCA2', 'PCA3', 'PCA4', 'PCA5', 'PCA6']",1.4340132506389793,0.31368631368631367,1.1310315352909444,0.04795204795204795,False,0.5284798534798535,False,0.1734992280446826
86830 (pC1-SS1),Empty-Split,True,"['PCA2', 'PCA4']","[0.8370636154898536, 0.027148021543647746, 0.8370636154898536, 0.009862128826589172, 0.6076602601756886, 0.8370636154898536]","[0.6464067390155086, 0.009049340514549248, 0.7637449284635762, 0.0016436881377648617, 0.3038301300878443, 0.8370636154898536]","['PCA1', 'PCA2', 'PCA3', 'PCA4', 'PCA5', 'PCA6']",2.4453462247132984,0.06593406593406594,1.3774858857923518,0.001998001998001998,False,0.36999111999111994,True,0.03614567250930887
86713 (LH279),Empty-Split,False,[],"[0.5956306857535045, 0.5956306857535045, 0.5956306857535045, 0.5956306857535045, 0.5956306857535045, 0.886784835609217]","[0.41979076804604143, 0.4963589047945871, 0.2481686938067007, 0.10323093020037072, 0.3842667981691905, 0.886784835609217]","['PCA1', 'PCA2', 'PCA3', 'PCA4', 'PCA5', 'PCA6']",1.4145935184028566,0.47652347652347654,0.9141710947206828,0.2907092907092907,False,0.658528971028971,False,0.4514132484057296
86720 (LH18),Empty-Split,True,['PCA2'],"[0.8370636154898536, 0.02275444877887581, 0.8370636154898536, 0.2539590992969481, 0.8370636154898536, 0.8370636154898536]","[0.5798009470581065, 0.003792408129812635, 0.8370636154898536, 0.0846530330989827, 0.7159745798891979, 0.4963589047945871]","['PCA1', 'PCA2', 'PCA3', 'PCA4', 'PCA5', 'PCA6']",2.3204846798802254,0.14185814185814186,0.936668718857174,0.2177822177822178,False,0.4560733384262796,False,0.3770367563471012
51992 (Lk-GAL4 1),Empty-Gal4,False,[],"[0.4125584898013638, 0.4125584898013638, 0.7219735685954213, 0.4125584898013638, 0.7637449284635762, 0.4125584898013638]","[0.21140013326822704, 0.2750389932009092, 0.6016446404961844, 0.132881986620485, 0.7637449284635762, 0.1591554431461849]","['PCA1', 'PCA2', 'PCA3', 'PCA4', 'PCA5', 'PCA6']",2.3780441807118615,0.14185814185814186,0.9831725910909594,0.14685314685314685,False,0.4560733384262796,False,0.3359054738365083
86714 (LH180),Empty-Split,False,[],"[0.670003845009814, 0.40013218112633564, 0.670003845009814, 0.40013218112633564, 0.40013218112633564, 0.911826411753384]","[0.5583365375081784, 0.20006609056316782, 0.45717472658891667, 0.20006609056316782, 0.18918230992030094, 0.911826411753384]","['PCA1', 'PCA2', 'PCA3', 'PCA4', 'PCA5', 'PCA6']",1.9935654925083546,0.19480519480519481,0.8921674703367706,0.29270729270729273,False,0.4560733384262796,False,0.4514132484057296
R38H02-gal4 (R4 (EB)),Empty-Gal4,True,"['PCA2', 'PCA3', 'PCA6']","[0.8489171939216485, 0.008539775792956743, 0.008539775792956743, 0.44948655995503733, 0.7880169690695349, 0.0062099808268232986]","[0.8489171939216485, 0.003259213638776681, 0.0042698878964783716, 0.29965770663669156, 0.6566808075579458, 0.0010349968044705497]","['PCA1', 'PCA2', 'PCA3', 'PCA4', 'PCA5', 'PCA6']",1.9868874272172825,0.011988011988011988,1.6853183215141,0.000999000999000999,False,0.10843701752792662,True,0.033133533133533136
86615 (LH2201),Empty-Split,False,[],"[0.24033730198122194, 0.9831126875838702, 0.9831126875838702, 0.9831126875838702, 0.9831126875838702, 0.9831126875838702]","[0.04005621699687032, 0.7189715050635516, 0.9831126875838702, 0.4848641211897319, 0.8158906470894022, 0.8822111206344694]","['PCA1', 'PCA2', 'PCA3', 'PCA4', 'PCA5', 'PCA6']",0.3193832615590692,0.993006993006993,0.6966501170838847,0.8061938061938062,False,0.993006993006993,False,0.853364720385997
86694 (LH1337),Empty-Split,False,[],"[0.5232714856259304, 0.488157668930317, 0.4157936959922195, 0.13058179190206087, 0.22674479459710675, 0.5232714856259304]","[0.47936938015165176, 0.32543844595354465, 0.20789684799610975, 0.02176363198367681, 0.07558159819903558, 0.5232714856259304]","['PCA1', 'PCA2', 'PCA3', 'PCA4', 'PCA5', 'PCA6']",1.9450547060578134,0.21978021978021978,1.1840027030941254,0.03496503496503497,False,0.4560733384262796,False,0.14200085628657058
LC25,Empty-Split,True,"['PCA1', 'PCA2', 'PCA4']","[0.028413604434546342, 0.028413604434546342, 0.7879850135276372, 0.028413604434546342, 0.7879850135276372, 0.6573803579530652]","[0.011894169833407837, 0.00682837709231365, 0.7879850135276372, 0.014206802217273171, 0.6692911266180891, 0.43825357196871007]","['PCA1', 'PCA2', 'PCA3', 'PCA4', 'PCA5', 'PCA6']",1.9803713363708937,0.31868131868131866,1.1564738723117574,0.028971028971028972,False,0.5284798534798535,False,0.1340752270984829
LC16-2,Empty-Split,False,[],"[0.8058988899541695, 0.8058988899541695, 0.886784835609217, 0.8058988899541695, 0.8058988899541695, 0.886784835609217]","[0.16873524285558883, 0.41979076804604143, 0.7397342431142654, 0.537265926636113, 0.4963589047945871, 0.886784835609217]","['PCA1', 'PCA2', 'PCA3', 'PCA4', 'PCA5', 'PCA6']",1.2131574402359895,0.5514485514485514,0.7191899011967187,0.6583416583416584,False,0.7072734957350342,False,0.7401694350846894
LC24,Empty-Split,False,[],"[0.2678295090339073, 0.2678295090339073, 0.2678295090339073, 0.2678295090339073, 0.2678295090339073, 0.861855796318015]","[0.07909826263265422, 0.12491355360268398, 0.21140013326822704, 0.14123841781192514, 0.22319125752825608, 0.861855796318015]","['PCA1', 'PCA2', 'PCA3', 'PCA4', 'PCA5', 'PCA6']",1.5513647162878124,0.2597402597402597,1.172897859178374,0.028971028971028972,False,0.48762558196520456,False,0.1340752270984829
LC15,Empty-Split,False,[],"[0.8031493519417069, 0.24769008424902472, 0.911826411753384, 0.4125584898013638, 0.4125584898013638, 0.4125584898013638]","[0.6692911266180891, 0.04128168070817079, 0.911826411753384, 0.20006609056316782, 0.2750389932009092, 0.26136517590616637]","['PCA1', 'PCA2', 'PCA3', 'PCA4', 'PCA5', 'PCA6']",1.5456060064102795,0.3356643356643357,0.9016797392355992,0.3016983016983017,False,0.5386871193322806,False,0.4514132484057296
LC21,Empty-Split,False,[],"[0.33361722727355064, 0.37474066080805196, 0.6957611364697277, 0.6957611364697277, 0.6957611364697277, 0.812432208131742]","[0.05560287121225844, 0.12491355360268398, 0.5798009470581065, 0.4765462117850495, 0.43825357196871007, 0.812432208131742]","['PCA1', 'PCA2', 'PCA3', 'PCA4', 'PCA5', 'PCA6']",1.7071727654022155,0.23376623376623376,0.9503945485351283,0.21178821178821178,False,0.4560733384262796,False,0.3770367563471012
LC16-1,Empty-Split,False,[],"[0.7637449284635762, 0.7637449284635762, 0.7637449284635762, 0.21228801159979876, 0.47089124973771534, 0.42371525343577543]","[0.692486835516168, 0.7637449284635762, 0.6692911266180891, 0.035381335266633125, 0.23544562486885767, 0.14123841781192514]","['PCA1', 'PCA2', 'PCA3', 'PCA4', 'PCA5', 'PCA6']",2.28660506738213,0.13086913086913088,1.1391644252841724,0.03196803196803197,False,0.4560733384262796,False,0.14081751581751584
LC13,Empty-Split,False,[],"[0.8301322406402155, 0.5096819116085913, 0.4323322887780729, 0.5096819116085913, 0.71692298950418, 0.8301322406402155]","[0.80449274880142, 0.25484095580429567, 0.07205538146301214, 0.24132772751593679, 0.4779486596694533, 0.8301322406402155]","['PCA1', 'PCA2', 'PCA3', 'PCA4', 'PCA5', 'PCA6']",1.8225154776418653,0.22877122877122877,1.0316331581006117,0.1048951048951049,False,0.4560733384262796,False,0.26422944144463134
LC20,Empty-Split,False,[],"[0.3214072533907286, 0.3214072533907286, 0.7042746132087777, 0.3214072533907286, 0.7042746132087777, 0.7042746132087777]","[0.08313865519081831, 0.11694331449775575, 0.6089476244742323, 0.1607036266953643, 0.5860416230076372, 0.7042746132087777]","['PCA1', 'PCA2', 'PCA3', 'PCA4', 'PCA5', 'PCA6']",1.550076858734704,0.44155844155844154,1.1175373015957504,0.054945054945054944,False,0.632159207698776,False,0.17924698252567106
LC22,Empty-Split,True,['PCA1'],"[0.04504371048703422, 0.8370636154898536, 0.4125584898013638, 0.3783646198406019, 0.482151881622627, 0.3783646198406019]","[0.00750728508117237, 0.8370636154898536, 0.2750389932009092, 0.14999297257278157, 0.4017932346855225, 0.18918230992030094]","['PCA1', 'PCA2', 'PCA3', 'PCA4', 'PCA5', 'PCA6']",1.3922372812516146,0.23376623376623376,0.9701303916302776,0.1928071928071928,False,0.4560733384262796,False,0.3765753477291938
R44B10 (Ventral P-FN silencing line),Empty-Gal4,False,[],"[0.7159745798891979, 0.7159745798891979, 0.7159745798891979, 0.7159745798891979, 0.7159745798891979, 0.7159745798891979]","[0.41979076804604143, 0.14999297257278157, 0.7159745798891979, 0.45717472658891667, 0.5166025822370435, 0.6016446404961844]","['PCA1', 'PCA2', 'PCA3', 'PCA4', 'PCA5', 'PCA6']",2.809560660668422,0.08791208791208792,0.9509525657671862,0.2007992007992008,False,0.4485770639616794,False,0.3770367563471012
23292 (ORCO-GAL4),Empty-Gal4,True,['PCA2'],"[0.7637449284635762, 0.006348811327789961, 0.670003845009814, 0.670003845009814, 0.670003845009814, 0.42371525343577543]","[0.7637449284635762, 0.0010581352212983269, 0.45717472658891667, 0.5583365375081784, 0.43825357196871007, 0.14123841781192514]","['PCA1', 'PCA2', 'PCA3', 'PCA4', 'PCA5', 'PCA6']",3.0909931909396877,0.014985014985014986,1.1552982636956601,0.03396603396603397,False,0.12425074925074926,False,0.14081751581751584
86633 (LH2382),Empty-Split,False,[],"[0.47458957579592537, 0.8370636154898536, 0.6199230986844522, 0.6199230986844522, 0.6001982716895035, 0.6199230986844522]","[0.07909826263265422, 0.8370636154898536, 0.41979076804604143, 0.5166025822370435, 0.20006609056316782, 0.3345561838743112]","['PCA1', 'PCA2', 'PCA3', 'PCA4', 'PCA5', 'PCA6']",0.6139966193749662,0.8621378621378621,0.6327517488755768,0.7712287712287712,False,0.8889400754685729,False,0.8351811232246016
23137 (OR88a-GAL4),Empty-Gal4,False,[],"[0.39950538459285856, 0.8559539033635253, 0.42513564924783187, 0.42513564924783187, 0.8559539033635253, 0.39950538459285856]","[0.12485048506719679, 0.753865329868274, 0.28342376616522125, 0.268871649924487, 0.8559539033635253, 0.13316846153095285]","['PCA1', 'PCA2', 'PCA3', 'PCA4', 'PCA5', 'PCA6']",0.8506237638321356,0.7572427572427572,0.936170210007337,0.23776223776223776,False,0.8101683262973585,False,0.3976023976023976
86698 (LH258),Empty-Split,False,[],"[0.9868335403179407, 0.9868335403179407, 0.9868335403179407, 0.43166619013676644, 0.09163258888522172, 0.1731741033697835]","[0.9868335403179407, 0.6799279308955285, 0.9342393414808573, 0.21583309506838322, 0.015272098147536953, 0.05772470112326117]","['PCA1', 'PCA2', 'PCA3', 'PCA4', 'PCA5', 'PCA6']",2.156270318720822,0.1958041958041958,0.8960555427200639,0.32167832167832167,False,0.4560733384262796,False,0.4605322734819137
23129 (ORCO mutant),TNTxPR,False,[],"[0.9873785512460885, 0.9873785512460885, 0.9873785512460885, 0.9873785512460885, 0.9873785512460885, 0.9873785512460885]","[0.4963589047945871, 0.4765462117850495, 0.911826411753384, 0.9873785512460885, 0.537265926636113, 0.6692911266180891]","['PCA1', 'PCA2', 'PCA3', 'PCA4', 'PCA5', 'PCA6']",0.8570931652315671,0.6583416583416584,0.7037088324022923,0.6843156843156843,False,0.7443749432385796,False,0.7607755373118502
MBON-08-GaL4  MBON-09-GaL4 ,Empty-Split,True,['PCA2'],"[0.6140597657535107, 0.009668360618993892, 0.39864492072217333, 0.7189715050635516, 0.4234511649641708, 0.6140597657535107]","[0.4848641211897319, 0.0016113934364989817, 0.13288164024072444, 0.7189715050635516, 0.2117255824820854, 0.511716471461259]","['PCA1', 'PCA2', 'PCA3', 'PCA4', 'PCA5', 'PCA6']",4.58350613156926,0.003996003996003996,1.4360877501371676,0.002997002997002997,False,0.05301365301365302,True,0.037275224775224776
R12D09 (P-EN1(2) patch line),Empty-Gal4,True,['PCA6'],"[0.5166025822370435, 0.5166025822370435, 0.39204776385924955, 0.05525847619165815, 0.07646967161201748, 0.0409702625538819]","[0.5166025822370435, 0.4963589047945871, 0.26136517590616637, 0.01841949206388605, 0.03823483580600874, 0.00682837709231365]","['PCA1', 'PCA2', 'PCA3', 'PCA4', 'PCA5', 'PCA6']",1.5019390595637823,0.23076923076923078,1.3294441773012886,0.003996003996003996,False,0.4560733384262796,True,0.04185288395814712
R78B06-gal4 (ER2 (EB)),Empty-Gal4,False,[],"[0.7870925880530959, 0.1486624364683303, 0.8301322406402155, 0.22662563652861584, 0.10030665201443406, 0.22662563652861584]","[0.6559104900442466, 0.04955414548944343, 0.8301322406402155, 0.14190906105691606, 0.01671777533573901, 0.1510837576857439]","['PCA1', 'PCA2', 'PCA3', 'PCA4', 'PCA5', 'PCA6']",2.8685805574012266,0.11388611388611389,1.16340217136097,0.03296703296703297,False,0.4560733384262796,False,0.14081751581751584
86705 (LH1668),Empty-Split,True,"['PCA2', 'PCA4']","[0.5956306857535045, 0.03260469092145759, 0.5956306857535045, 0.03260469092145759, 0.5956306857535045, 0.911826411753384]","[0.3345561838743112, 0.010868230307152529, 0.4963589047945871, 0.009049340514549248, 0.4017932346855225, 0.911826411753384]","['PCA1', 'PCA2', 'PCA3', 'PCA4', 'PCA5', 'PCA6']",1.5750815987564857,0.4745254745254745,0.9077172183346536,0.27972027972027974,False,0.658528971028971,False,0.4514132484057296
9998 (OR67d-GAL4),Empty-Gal4,False,[],"[0.5500779864018184, 0.08524081330363903, 0.861855796318015, 0.5500779864018184, 0.861855796318015, 0.861855796318015]","[0.2750389932009092, 0.014206802217273171, 0.861855796318015, 0.20006609056316782, 0.7159745798891979, 0.812432208131742]","['PCA1', 'PCA2', 'PCA3', 'PCA4', 'PCA5', 'PCA6']",3.7324933919147623,0.000999000999000999,0.9818654557061913,0.14585414585414586,True,0.039760239760239756,False,0.3359054738365083
854 (OK107-Gal4),Empty-Gal4,True,"['PCA2', 'PCA3', 'PCA4', 'PCA6']","[0.22319125752825608, 1.8365125227479104e-05, 0.00018820268496573696, 0.0005832689025035059, 0.22319125752825608, 0.008450424280614129]","[0.21140013326822704, 3.0608542045798505e-06, 6.273422832191232e-05, 0.00029163445125175296, 0.22319125752825608, 0.005633616187076086]","['PCA1', 'PCA2', 'PCA3', 'PCA4', 'PCA5', 'PCA6']",11.807927312544747,0.000999000999000999,1.7038233465648975,0.000999000999000999,True,0.039760239760239756,True,0.033133533133533136
9983 (OR47b-GAL4),Empty-Gal4,False,[],"[0.911826411753384, 0.413267701392726, 0.911826411753384, 0.911826411753384, 0.911826411753384, 0.7445060814201021]","[0.812432208131742, 0.068877950232121, 0.537265926636113, 0.8370636154898536, 0.911826411753384, 0.2481686938067007]","['PCA1', 'PCA2', 'PCA3', 'PCA4', 'PCA5', 'PCA6']",1.2346843400635203,0.4085914085914086,0.9710416965582002,0.1968031968031968,False,0.6205007114098023,False,0.3765753477291938
9941 (GR63a mutant),TNTxPR,False,[],"[0.9621482836066155, 0.9621482836066155, 0.9621482836066155, 0.9621482836066155, 0.9621482836066155, 0.9621482836066155]","[0.886784835609217, 0.8370636154898536, 0.5166025822370435, 0.9621482836066155, 0.18918230992030094, 0.43825357196871007]","['PCA1', 'PCA2', 'PCA3', 'PCA4', 'PCA5', 'PCA6']",1.0892189583745313,0.4115884115884116,0.8351286868416474,0.46053946053946054,False,0.6205007114098023,False,0.5825630066136395
86703 (LH1531),Empty-Split,True,['PCA1'],"[0.030660035924484342, 0.6857620898833751, 0.6857620898833751, 0.37474066080805196, 0.9369558676699575, 0.9369558676699575]","[0.005110005987414057, 0.45717472658891667, 0.36721620202250527, 0.12491355360268398, 0.911826411753384, 0.9369558676699575]","['PCA1', 'PCA2', 'PCA3', 'PCA4', 'PCA5', 'PCA6']",1.2097329766895641,0.5954045954045954,0.6591856285390802,0.7522477522477522,False,0.7173609523007114,False,0.8270569209795728
86707 (LH578),Empty-Split,False,[],"[0.525904286362452, 0.861855796318015, 0.525904286362452, 0.525904286362452, 0.525904286362452, 0.525904286362452]","[0.43825357196871007, 0.861855796318015, 0.20006609056316782, 0.43825357196871007, 0.41979076804604143, 0.3345561838743112]","['PCA1', 'PCA2', 'PCA3', 'PCA4', 'PCA5', 'PCA6']",2.3453491855716972,0.17482517482517482,0.8694401568580059,0.3356643356643357,False,0.4560733384262796,False,0.47373902693051634
9943 (GR63a-GAL4),Empty-Gal4,True,"['PCA1', 'PCA2', 'PCA3', 'PCA5']","[0.0002751907114162351, 0.0002751907114162351, 0.003397074989919967, 0.9369558676699575, 0.0002751907114162351, 0.525904286362452]","[0.00013759535570811754, 0.0001063061735187313, 0.0022647166599466446, 0.9369558676699575, 7.167853207417968e-05, 0.43825357196871007]","['PCA1', 'PCA2', 'PCA3', 'PCA4', 'PCA5', 'PCA6']",5.224877446020081,0.000999000999000999,1.502434631494029,0.001998001998001998,True,0.039760239760239756,True,0.03614567250930887
KC-α/βs-GaL4,Empty-Split,False,[],"[0.911826411753384, 0.911826411753384, 0.911826411753384, 0.911826411753384, 0.911826411753384, 0.8999578354366895]","[0.7159745798891979, 0.8370636154898536, 0.43825357196871007, 0.911826411753384, 0.911826411753384, 0.14999297257278157]","['PCA1', 'PCA2', 'PCA3', 'PCA4', 'PCA5', 'PCA6']",1.9670619181429092,0.18581418581418582,0.6107782647072051,0.7932067932067932,False,0.4560733384262796,False,0.8486459776782357
R58E02 (All PAMs),Empty-Gal4,False,[],"[0.6957611364697277, 0.6957611364697277, 0.5362240792708042, 0.14212515883208787, 0.6957611364697277, 0.861855796318015]","[0.5798009470581065, 0.36721620202250527, 0.17874135975693473, 0.023687526472014643, 0.537265926636113, 0.861855796318015]","['PCA1', 'PCA2', 'PCA3', 'PCA4', 'PCA5', 'PCA6']",1.3570167167318212,0.5114885114885115,0.9475247092646492,0.2087912087912088,False,0.692423223035468,False,0.3770367563471012
MB188B (PAM-08),Empty-Split,False,[],"[0.9369558676699575, 0.413267701392726, 0.9369558676699575, 0.9369558676699575, 0.8395815360920829, 0.8395815360920829]","[0.861855796318015, 0.068877950232121, 0.9369558676699575, 0.692486835516168, 0.41979076804604143, 0.31895098736180794]","['PCA1', 'PCA2', 'PCA3', 'PCA4', 'PCA5', 'PCA6']",1.466661457916923,0.4225774225774226,1.1306946125842634,0.03696303696303696,False,0.6212537462537463,False,0.14422832069890892
SS52244-GAL4 (P-F1N3 (target FSB)),Empty-Split,False,[],"[0.5461064478343309, 0.5461064478343309, 1.0, 0.5461064478343309, 1.0, 0.5461064478343309]","[0.3640709652228873, 0.3468892911616084, 1.0, 0.3640709652228873, 1.0, 0.268871649924487]","['PCA1', 'PCA2', 'PCA3', 'PCA4', 'PCA5', 'PCA6']",1.1889701122011647,0.6123876123876124,0.9163267810660598,0.2977022977022977,False,0.7266526576871405,False,0.4514132484057296
MB113C (OA-VPM4),Empty-Split,False,[],"[0.911826411753384, 0.8591694958670374, 0.8591694958670374, 0.8591694958670374, 0.8591694958670374, 0.8591694958670374]","[0.911826411753384, 0.5798009470581065, 0.43825357196871007, 0.7159745798891979, 0.5166025822370435, 0.4765462117850495]","['PCA1', 'PCA2', 'PCA3', 'PCA4', 'PCA5', 'PCA6']",2.2385722351402566,0.2177822177822178,0.9191390220268846,0.25074925074925075,False,0.4560733384262796,False,0.41582584082584084
MB320C (PPL1-01),Empty-Split,False,[],"[0.3645961561054132, 1.0, 0.3645961561054132, 0.3586116519655803, 0.3645961561054132, 0.3645961561054132]","[0.20006609056316782, 1.0, 0.28919323724869117, 0.05976860866093005, 0.21140013326822704, 0.3038301300878443]","['PCA1', 'PCA2', 'PCA3', 'PCA4', 'PCA5', 'PCA6']",1.9463116925733452,0.21578421578421578,1.1121710150525448,0.061938061938061936,False,0.4560733384262796,False,0.19564562421705278
MB194B (PAM-09),Empty-Split,False,[],"[0.28959327301912413, 0.6559104900442466, 0.28959327301912413, 0.19961631524298037, 0.28959327301912413, 0.28959327301912413]","[0.24132772751593679, 0.6559104900442466, 0.24132772751593679, 0.03326938587383006, 0.20383918699366232, 0.20383918699366232]","['PCA1', 'PCA2', 'PCA3', 'PCA4', 'PCA5', 'PCA6']",0.9140501685269836,0.7682317682317682,1.0634807599018006,0.08891108891108891,False,0.8175300635193683,False,0.24326988800673013
MB109B (PAM-02),Empty-Split,False,[],"[0.9873785512460885, 0.9568529620854238, 0.9873785512460885, 0.9873785512460885, 0.9568529620854238, 0.9873785512460885]","[0.9873785512460885, 0.16873524285558883, 0.886784835609217, 0.7397342431142654, 0.31895098736180794, 0.9369558676699575]","['PCA1', 'PCA2', 'PCA3', 'PCA4', 'PCA5', 'PCA6']",1.531832108245009,0.33466533466533466,0.5281570850363624,0.8971028971028971,False,0.5386871193322806,False,0.9108340638952884
SS54549 (P-F3-5R patch line),Empty-Split,False,[],"[0.4784264810427119, 0.5956306857535045, 0.6692911266180891, 0.4784264810427119, 0.44306190337973833, 0.4774663294385547]","[0.28919323724869117, 0.4963589047945871, 0.6692911266180891, 0.31895098736180794, 0.07384365056328972, 0.1591554431461849]","['PCA1', 'PCA2', 'PCA3', 'PCA4', 'PCA5', 'PCA6']",2.3490446438653825,0.12087912087912088,1.1585836218099226,0.03696303696303696,False,0.4560733384262796,False,0.14422832069890892
MB213B (PAM-04),Empty-Split,False,[],"[0.5259676827478296, 0.5259676827478296, 0.911826411753384, 0.5259676827478296, 0.5259676827478296, 0.911826411753384]","[0.17874135975693473, 0.35064512183188634, 0.911826411753384, 0.28919323724869117, 0.23544562486885767, 0.812432208131742]","['PCA1', 'PCA2', 'PCA3', 'PCA4', 'PCA5', 'PCA6']",1.7056785850193172,0.40559440559440557,0.8237046301799238,0.4695304695304695,False,0.6205007114098023,False,0.5839785214785215
MB065B (PPL1-06),Empty-Split,False,[],"[1.0, 1.0, 1.0, 0.42371525343577543, 0.33361722727355064, 0.5227303518123327]","[1.0, 0.8370636154898536, 0.7159745798891979, 0.14123841781192514, 0.05560287121225844, 0.26136517590616637]","['PCA1', 'PCA2', 'PCA3', 'PCA4', 'PCA5', 'PCA6']",1.4640010424620573,0.5214785214785215,0.6040718591302505,0.8221778221778222,False,0.6978055501545434,False,0.8611230874388769
MB032B (PAM-06),Empty-Split,False,[],"[0.5956306857535045, 0.5956306857535045, 0.886784835609217, 0.5956306857535045, 0.5956306857535045, 0.5956306857535045]","[0.4765462117850495, 0.3842667981691905, 0.886784835609217, 0.35064512183188634, 0.4963589047945871, 0.4017932346855225]","['PCA1', 'PCA2', 'PCA3', 'PCA4', 'PCA5', 'PCA6']",1.199866035039239,0.6203796203796204,0.8039224728798036,0.4725274725274725,False,0.7266526576871405,False,0.5840556958569381
MB441B (PAM-12),Empty-Split,False,[],"[0.911826411753384, 0.911826411753384, 0.911826411753384, 0.911826411753384, 0.911826411753384, 0.911826411753384]","[0.7397342431142654, 0.6464067390155086, 0.7637449284635762, 0.21140013326822704, 0.4963589047945871, 0.911826411753384]","['PCA1', 'PCA2', 'PCA3', 'PCA4', 'PCA5', 'PCA6']",1.2972962900441865,0.5874125874125874,0.5995372293379033,0.8421578421578422,False,0.7173609523007114,False,0.8728615134865135
50742 (MB247-GAL4),Empty-Gal4,False,[],"[0.4234511649641708, 0.47972527099886897, 0.1127911528228709, 0.5966894708177294, 0.5966894708177294, 0.4234511649641708]","[0.15614169730137287, 0.3198168473325793, 0.018798525470478483, 0.5966894708177294, 0.5966894708177294, 0.2117255824820854]","['PCA1', 'PCA2', 'PCA3', 'PCA4', 'PCA5', 'PCA6']",2.667795934887922,0.07292707292707293,1.1935978663059472,0.08491508491508491,False,0.38190756611809246,False,0.2380014351845338
51973 (Tk-GAL4 2Ma),Empty-Gal4,False,[],"[0.42371525343577543, 0.5227303518123327, 0.6026898520282838, 0.6238520809623239, 0.42371525343577543, 0.6238520809623239]","[0.14123841781192514, 0.26136517590616637, 0.4017932346855225, 0.6016446404961844, 0.10323093020037072, 0.6238520809623239]","['PCA1', 'PCA2', 'PCA3', 'PCA4', 'PCA5', 'PCA6']",2.0430382966215275,0.1048951048951049,0.9641978397284627,0.16683316683316685,False,0.4560733384262796,False,0.3569870989225828
51970 (Capa-GAL4 5F),Empty-Gal4,False,[],"[0.4557451951317665, 0.525904286362452, 0.4557451951317665, 0.09813475058946135, 0.09813475058946135, 0.9369558676699575]","[0.2481686938067007, 0.43825357196871007, 0.3038301300878443, 0.03271158352982045, 0.01841949206388605, 0.9369558676699575]","['PCA1', 'PCA2', 'PCA3', 'PCA4', 'PCA5', 'PCA6']",1.5646980755567912,0.011988011988011988,1.288128270999296,0.002997002997002997,False,0.10843701752792662,True,0.037275224775224776
86695 (LH1284),Empty-Split,True,['PCA2'],"[0.40908731422135114, 0.03334206019392374, 0.21597610808857867, 0.35958924796402986, 0.25330921929261774, 0.24461116236154845]","[0.40908731422135114, 0.005557010032320622, 0.07199203602952622, 0.29965770663669156, 0.16887281286174516, 0.12230558118077423]","['PCA1', 'PCA2', 'PCA3', 'PCA4', 'PCA5', 'PCA6']",1.4397826409563668,0.45254745254745254,0.9898668113883965,0.32167832167832167,False,0.6398038581137172,False,0.4605322734819137
SS47432 (LNa imaging line),Empty-Split,False,[],"[0.05429604308729549, 0.30969279060111216, 0.40013218112633564, 0.9369558676699575, 0.9369558676699575, 0.6296861520690622]","[0.009049340514549248, 0.10323093020037072, 0.20006609056316782, 0.7879850135276372, 0.9369558676699575, 0.41979076804604143]","['PCA1', 'PCA2', 'PCA3', 'PCA4', 'PCA5', 'PCA6']",2.0064797410267654,0.34465534465534464,0.8381415614106424,0.42957042957042957,False,0.5443366157651872,False,0.5587223234282058
R70G12 (E-PG),Empty-Split,False,[],"[0.5500779864018184, 0.6957611364697277, 0.9873785512460885, 0.5500779864018184, 0.6957611364697277, 0.5500779864018184]","[0.2750389932009092, 0.5798009470581065, 0.9873785512460885, 0.20006609056316782, 0.5583365375081784, 0.23544562486885767]","['PCA1', 'PCA2', 'PCA3', 'PCA4', 'PCA5', 'PCA6']",1.1143144288195321,0.6233766233766234,0.6435294290246376,0.7722277722277723,False,0.7266526576871405,False,0.8351811232246016
51980 (Burs-GAL4 4M),Empty-Gal4,True,['PCA4'],"[0.159458383944582, 0.137755900464242, 0.159458383944582, 0.006348811327789961, 0.10614400579989938, 0.4963589047945871]","[0.132881986620485, 0.068877950232121, 0.11009878371155198, 0.0010581352212983269, 0.035381335266633125, 0.4963589047945871]","['PCA1', 'PCA2', 'PCA3', 'PCA4', 'PCA5', 'PCA6']",1.8693843487117379,0.001998001998001998,1.3967968688734864,0.002997002997002997,True,0.045877199723353565,True,0.037275224775224776
51975 (Tk-GAL4 5Fa),Empty-Gal4,False,[],"[0.6026898520282838, 0.08524081330363903, 0.1550457184932489, 0.40013218112633564, 0.8370636154898536, 0.7219735685954213]","[0.4017932346855225, 0.014206802217273171, 0.0516819061644163, 0.20006609056316782, 0.8370636154898536, 0.6016446404961844]","['PCA1', 'PCA2', 'PCA3', 'PCA4', 'PCA5', 'PCA6']",1.0850580185420868,0.5404595404595405,1.1830879594118522,0.022977022977022976,False,0.7068487068487069,False,0.12357912357912357
51977 (Crz-GAL4 4M),Empty-Gal4,False,[],"[0.206633850696363, 0.206633850696363, 0.5764001972537858, 0.3183108862923698, 0.7159745798891979, 0.7159745798891979]","[0.05976860866093005, 0.068877950232121, 0.3842667981691905, 0.1591554431461849, 0.6464067390155086, 0.7159745798891979]","['PCA1', 'PCA2', 'PCA3', 'PCA4', 'PCA5', 'PCA6']",0.936783649762639,0.5374625374625375,0.8197248153183133,0.44555444555444557,False,0.7068487068487069,False,0.5683675299059915
51976 (Crz-GAL4 3M),Empty-Gal4,False,[],"[0.3822614337064435, 0.06318724638089565, 0.2188696878624629, 0.10829653461438059, 0.8301322406402155, 0.8301322406402155]","[0.25484095580429567, 0.010531207730149275, 0.10943484393123146, 0.036098844871460194, 0.753865329868274, 0.8301322406402155]","['PCA1', 'PCA2', 'PCA3', 'PCA4', 'PCA5', 'PCA6']",1.4068460740279232,0.1888111888111888,0.9610023966050102,0.2047952047952048,False,0.4560733384262796,False,0.3770367563471012
51978 (AstA-GAL4 3M),Empty-Gal4,False,[],"[0.6238520809623239, 0.44638251505651216, 0.44638251505651216, 0.6238520809623239, 0.6238520809623239, 0.44638251505651216]","[0.5583365375081784, 0.0846530330989827, 0.21140013326822704, 0.41979076804604143, 0.6238520809623239, 0.22319125752825608]","['PCA1', 'PCA2', 'PCA3', 'PCA4', 'PCA5', 'PCA6']",0.7504391727327285,0.9230769230769231,0.7223001263843084,0.6183816183816184,False,0.9372056514913658,False,0.7083720876824325
51979 (AstA-GAL4 5),Empty-Gal4,True,"['PCA2', 'PCA4']","[0.31710019990234056, 0.004518103018617012, 0.29998594514556315, 0.027148021543647746, 0.4207741461982636, 1.0]","[0.21140013326822704, 0.000753017169769502, 0.14999297257278157, 0.009049340514549248, 0.35064512183188634, 1.0]","['PCA1', 'PCA2', 'PCA3', 'PCA4', 'PCA5', 'PCA6']",1.5393689258189673,0.28471528471528473,1.2426683400412533,0.011988011988011988,False,0.497002997002997,False,0.08226256502118572
51974 (Tk-GAL4 3Ma),Empty-Gal4,False,[],"[1.0, 1.0, 0.10614400579989938, 0.5764001972537858, 0.5764001972537858, 0.10614400579989938]","[0.911826411753384, 1.0, 0.035381335266633125, 0.3842667981691905, 0.3345561838743112, 0.023687526472014643]","['PCA1', 'PCA2', 'PCA3', 'PCA4', 'PCA5', 'PCA6']",1.1833723679951562,0.5544455544455544,0.8941138692467275,0.3006993006993007,False,0.7072734957350342,False,0.4514132484057296
SS52577-gal4 (PBG2‐9.s‐FBℓ3.b‐NO2V.b (PB)),Empty-Split,False,[],"[0.1407872462385595, 0.11864739394898134, 0.11864739394898134, 0.11864739394898134, 0.11864739394898134, 0.36721620202250527]","[0.11732270519879959, 0.07909826263265422, 0.06418997117728065, 0.05560287121225844, 0.06418997117728065, 0.36721620202250527]","['PCA1', 'PCA2', 'PCA3', 'PCA4', 'PCA5', 'PCA6']",2.100986731979458,0.2947052947052947,0.9397481195772833,0.2217782217782218,False,0.5099682925769883,False,0.3772125310586849
86652 (LH2033),Empty-Split,False,[],"[0.7562483283307082, 0.7562483283307082, 0.7562483283307082, 0.7702606318166959, 0.7702606318166959, 0.7702606318166959]","[0.3781241641653541, 0.19935213527890872, 0.27959226128562514, 0.5365835537460252, 0.7702606318166959, 0.7702606318166959]","['PCA1', 'PCA2', 'PCA3', 'PCA4', 'PCA5', 'PCA6']",1.5915986491001892,0.5504495504495505,1.2660187106496978,0.3086913086913087,False,0.7072734957350342,False,0.4541954395968995
41731 (IR8a-GAL4),Empty-Gal4,True,['PCA2'],"[0.39870427055781743, 0.04439953639038307, 0.2685815328835924, 0.4118814823620316, 0.4118814823620316, 0.45368361615501207]","[0.19935213527890872, 0.007399922731730511, 0.08952717762786412, 0.3432345686350263, 0.27959226128562514, 0.45368361615501207]","['PCA1', 'PCA2', 'PCA3', 'PCA4', 'PCA5', 'PCA6']",11.272651438890618,0.000999000999000999,1.9584505320194299,0.000999000999000999,True,0.039760239760239756,True,0.033133533133533136
86639 (LH1990),Empty-Split,False,[],"[0.26477012689827334, 0.26477012689827334, 0.26477012689827334, 0.9741002704389433, 0.5444203393860144, 0.26477012689827334]","[0.15563612588784212, 0.13652708847216855, 0.17651341793218223, 0.9741002704389433, 0.45368361615501207, 0.13652708847216855]","['PCA1', 'PCA2', 'PCA3', 'PCA4', 'PCA5', 'PCA6']",3.1886038437286404,0.14985014985014986,1.3904033592053793,0.17382617382617382,False,0.4560733384262796,False,0.36032717282717286
34497 (MZ19-GAL4),Empty-Gal4,False,[],"[0.11871080864215876, 0.10966150554251242, 0.9741002704389433, 0.2071086807928913, 0.9741002704389433, 0.9741002704389433]","[0.03957026954738625, 0.018276917590418735, 0.9225385598383311, 0.10355434039644565, 0.9741002704389433, 0.8711700199114387]","['PCA1', 'PCA2', 'PCA3', 'PCA4', 'PCA5', 'PCA6']",6.7800906497938564,0.003996003996003996,1.8176335175163556,0.01098901098901099,False,0.05301365301365302,False,0.07810047095761383
41737 (IR25a mutant),TNTxPR,False,[],"[0.9741002704389433, 0.9741002704389433, 0.9741002704389433, 0.9741002704389433, 0.9741002704389433, 0.9741002704389433]","[0.9741002704389433, 0.9741002704389433, 0.6729174715444739, 0.5365835537460252, 0.9225385598383311, 0.8204107105708937]","['PCA1', 'PCA2', 'PCA3', 'PCA4', 'PCA5', 'PCA6']",0.8810443983654836,0.9790209790209791,0.5943860888987754,0.984015984015984,False,0.9889602783003799,False,0.984015984015984
41728 (IR25a-GAL4),Empty-Gal4,True,"['PCA1', 'PCA3', 'PCA5']","[0.0010698683467562187, 0.2990282029183631, 0.005572230972688639, 0.6729174715444739, 0.023685696454575172, 0.6729174715444739]","[0.00017831139112603643, 0.19935213527890872, 0.0018574103242295463, 0.6729174715444739, 0.011842848227287586, 0.5805224523759993]","['PCA1', 'PCA2', 'PCA3', 'PCA4', 'PCA5', 'PCA6']",4.058638052991635,0.000999000999000999,1.815707476002057,0.004995004995004995,True,0.039760239760239756,True,0.047333618762190194
30026 (GH146-GAL4),Empty-Gal4,True,['PCA6'],"[0.2240631222324586, 0.06600493328182115, 0.16383250616660225, 0.06600493328182115, 0.11538975898243634, 0.0006240898689411276]","[0.2240631222324586, 0.033002466640910576, 0.13652708847216855, 0.022437516716692918, 0.07692650598829089, 0.00010401497815685458]","['PCA1', 'PCA2', 'PCA3', 'PCA4', 'PCA5', 'PCA6']",8.242125490707036,0.002997002997002997,1.9907979133712541,0.001998001998001998,True,0.045877199723353565,True,0.03614567250930887
86637 (LH2220),Empty-Split,False,[],"[0.6729174715444739, 0.13153436952063954, 0.13153436952063954, 0.26477012689827334, 0.13153436952063954, 0.3010431216380873]","[0.6729174715444739, 0.06576718476031977, 0.055856043270230915, 0.17651341793218223, 0.02729650212487741, 0.2508692680317394]","['PCA1', 'PCA2', 'PCA3', 'PCA4', 'PCA5', 'PCA6']",1.96910896928905,0.45554445554445555,1.4250384402799177,0.13486513486513488,False,0.6398038581137172,False,0.3157430804489628
86630 (LH2385),Empty-Split,False,[],"[0.07105708936372553, 0.5591845225712503, 0.9741002704389433, 0.6966269428511992, 0.5591845225712503, 0.6966269428511992]","[0.011842848227287586, 0.2240631222324586, 0.9741002704389433, 0.5805224523759993, 0.27959226128562514, 0.5365835537460252]","['PCA1', 'PCA2', 'PCA3', 'PCA4', 'PCA5', 'PCA6']",3.0399726834769063,0.15384615384615385,0.8474611455746546,0.8681318681318682,False,0.4560733384262796,False,0.8859397013243168
86634 (LH2193),Empty-Split,False,[],"[0.08879907278076615, 0.4537489969984249, 0.3360946833486879, 0.3360946833486879, 0.49420487978840383, 0.3360946833486879]","[0.014799845463461024, 0.3781241641653541, 0.17651341793218223, 0.2240631222324586, 0.49420487978840383, 0.17651341793218223]","['PCA1', 'PCA2', 'PCA3', 'PCA4', 'PCA5', 'PCA6']",1.2561509312967347,0.6853146853146853,1.0254463551231894,0.6193806193806194,False,0.7576534576534576,False,0.7083720876824325
86636 (LH2087),Empty-Split,False,[],"[0.5017385360634788, 0.5017385360634788, 0.870783678563999, 0.5017385360634788, 0.9741002704389433, 0.9741002704389433]","[0.08952717762786412, 0.2508692680317394, 0.5805224523759993, 0.2508692680317394, 0.9741002704389433, 0.8711700199114387]","['PCA1', 'PCA2', 'PCA3', 'PCA4', 'PCA5', 'PCA6']",2.4887937985211748,0.36563436563436563,1.3077571759206827,0.2597402597402597,False,0.5684471778221778,False,0.4271761296554685
86632 (LH2392),Empty-Split,True,['PCA2'],"[0.721120984278879, 0.020238342892805135, 0.2384914856310737, 0.26477012689827334, 0.06731255015007875, 0.721120984278879]","[0.6260810128087017, 0.003373057148800856, 0.11924574281553685, 0.17651341793218223, 0.022437516716692918, 0.721120984278879]","['PCA1', 'PCA2', 'PCA3', 'PCA4', 'PCA5', 'PCA6']",2.1273911418026104,0.4565434565434565,1.6021119351925097,0.04595404595404595,False,0.6398038581137172,False,0.16934916934916933
86678 (LH1112),Empty-Split,False,[],"[0.3351362596213855, 0.622329043953758, 0.7512972153704419, 0.8204107105708937, 0.622329043953758, 0.622329043953758]","[0.055856043270230915, 0.4148860293025053, 0.6260810128087017, 0.8204107105708937, 0.3432345686350263, 0.2508692680317394]","['PCA1', 'PCA2', 'PCA3', 'PCA4', 'PCA5', 'PCA6']",0.8195774843600374,0.7152847152847153,1.1052508511287982,0.4955044955044955,False,0.7778232696265484,False,0.5988133079042169
86681 (LH141),Empty-Split,True,['PCA2'],"[0.5671862462480312, 0.020238342892805135, 0.23077951796487267, 0.5017385360634788, 0.8204107105708937, 0.8204107105708937]","[0.3781241641653541, 0.003373057148800856, 0.07692650598829089, 0.2508692680317394, 0.8204107105708937, 0.8204107105708937]","['PCA1', 'PCA2', 'PCA3', 'PCA4', 'PCA5', 'PCA6']",3.616926402186294,0.12087912087912088,1.6197365860273127,0.04095904095904096,False,0.4560733384262796,False,0.15378960661979532
86680 (LH788),Empty-Split,False,[],"[0.2685815328835924, 0.6260810128087017, 0.6260810128087017, 0.2730541769443371, 0.2685815328835924, 0.6260810128087017]","[0.055856043270230915, 0.6260810128087017, 0.5365835537460252, 0.13652708847216855, 0.08952717762786412, 0.6260810128087017]","['PCA1', 'PCA2', 'PCA3', 'PCA4', 'PCA5', 'PCA6']",3.0000814531209348,0.15784215784215785,1.1964002015177333,0.41358641358641357,False,0.4560733384262796,False,0.5450575914152073
86657 (LH629),Empty-Split,False,[],"[0.6811924476592927, 0.17546968766952223, 0.6811924476592927, 0.6811924476592927, 0.9493683086818695, 0.6811924476592927]","[0.539325062123728, 0.02924494794492037, 0.26193283344736606, 0.3408429831042281, 0.9493683086818695, 0.5676603730494105]","['PCA1', 'PCA2', 'PCA3', 'PCA4', 'PCA5', 'PCA6']",1.558126955084622,0.4205794205794206,1.0493264929185981,0.21878121878121878,False,0.6212537462537463,False,0.3770367563471012
86676 (LH191),Empty-Split,False,[],"[0.6966269428511992, 0.6208802639008589, 0.721120984278879, 0.39460310856191866, 0.6966269428511992, 0.4669083776635264]","[0.5805224523759993, 0.31044013195042947, 0.721120984278879, 0.06576718476031977, 0.49420487978840383, 0.15563612588784212]","['PCA1', 'PCA2', 'PCA3', 'PCA4', 'PCA5', 'PCA6']",2.2897498783050922,0.42857142857142855,1.2485527068155104,0.3126873126873127,False,0.6225234619395204,False,0.4541954395968995
